last_name, first_name,player_id,year,player_age,p_game,p_formatted_ip,p_total_pa,p_ab,p_total_hits,p_single,p_double,p_triple,p_home_run,p_strikeout,p_walk,p_k_percent,p_bb_percent,batting_avg,slg_percent,on_base_percent,on_base_plus_slg,p_earned_run,p_run,p_win,p_loss,p_era,p_opp_batting_avg,n_fastball_formatted,fastball_avg_speed,fastball_avg_spin,fastball_avg_break_x,fastball_avg_break_z,fastball_avg_break,fastball_range_speed,n_breaking_formatted,breaking_avg_speed,breaking_avg_spin,breaking_avg_break_x,breaking_avg_break_z,breaking_avg_break,breaking_range_speed,n_offspeed_formatted,offspeed_avg_speed,offspeed_avg_spin,offspeed_avg_break_x,offspeed_avg_break_z,offspeed_avg_break,offspeed_range_speed,
Wainwright, Adam,425794,2021,40,32,206.1,828,765,168,111,34,2,21,174,50,21.0,6.0,.220,.352,.274,.626,70,72,17,7,3.05,.220,59.7,87.5,2295,-4,-25.1,14.3,2.7,33.8,73.5,2839,16.6,-66.3,22.2,1.6,6.4,82.7,1715,-13.8,-32.1,16,1.6,
Greinke, Zack,425844,2021,38,30,171.0,697,652,164,105,29,0,30,120,36,17.2,5.2,.252,.434,.290,.724,79,82,11,6,4.16,.252,45.9,89,2224,-2.8,-18.6,16.7,1.3,31.8,77.2,2361,9.7,-51,12.4,7.1,22.4,86.4,1594,-12.8,-32.1,13.7,1.2,
Morton, Charlie,450203,2021,38,33,185.2,756,669,136,100,17,3,16,216,58,28.6,7.7,.203,.309,.279,.589,69,77,14,6,3.34,.203,58,94.1,2301,-11.7,-21.3,16.3,3.4,36.7,80.6,3053,16.6,-52.5,19.5,1.3,5.3,86.4,2100,-18,-33.8,18.4,1.4,
Scherzer, Max,453286,2021,37,30,179.1,693,644,119,73,21,2,23,236,36,34.1,5.2,.185,.331,.238,.569,49,53,15,4,2.46,.185,55.7,93.6,2442,-9,-16.4,17.7,2.2,29.4,82.9,2403,6.4,-39.7,9.2,4.9,14.9,85,1446,-15.2,-33.9,15.9,1.3,
Miley, Wade,489119,2021,35,28,163.0,690,627,166,112,35,2,17,125,50,18.1,7.2,.265,.408,.317,.726,61,64,12,7,3.37,.265,64.1,86.6,2263,-1.9,-26.9,10.7,2.7,8.6,77.4,2343,-11.3,-47,13.5,2.8,27.4,81.9,1807,14.8,-33.9,16.4,1.5,
Gibson, Kyle,502043,2021,34,31,182.0,754,675,158,107,32,2,17,155,64,20.6,8.5,.234,.363,.305,.668,75,78,10,9,3.71,.234,61.6,91.7,2224,-9,-23,15,1.9,25.1,82,2485,6.2,-44.3,8,2.5,13.3,84.8,1641,-14.5,-33.9,15.2,1.3,
Darvish, Yu,506433,2021,35,30,166.1,681,623,138,70,35,5,28,199,44,29.2,6.5,.222,.429,.279,.708,78,81,8,11,4.22,.222,64.3,90.2,2636,-1.3,-24.6,12.8,5,30.9,79.9,2749,14.5,-48.6,16.8,4.4,4.8,88.9,1471,-7.9,-27.7,11.2,2.6,
Anderson, Tyler,542881,2021,32,31,167.0,703,648,170,107,30,6,27,134,38,19.1,5.4,.262,.452,.297,.749,84,87,7,11,4.53,.262,74.7,88.3,2358,6.3,-21.5,16.8,3.4,0.6,74.3,2444,-5.9,-54.6,9.3,1.6,24.6,80.9,1835,12.9,-28.2,19,1.5,
Cole, Gerrit,543037,2021,31,30,181.1,726,677,151,99,27,1,24,243,41,33.5,5.6,.223,.372,.267,.639,65,69,16,8,3.23,.223,48,97.7,2451,-12.1,-11,21.7,1.4,37.9,86.3,2683,7.5,-41.5,10.2,3.2,14.2,89.8,1719,-15.8,-24,18.9,1.5,
DeSclafani, Anthony,543101,2021,31,31,167.2,676,626,141,98,22,2,19,152,42,22.5,6.2,.225,.358,.274,.631,59,61,13,7,3.17,.225,45.7,94,2194,-12,-16.7,19.1,1.2,43.8,87,2157,4.5,-33.3,7.2,2.8,10.5,88.2,1583,-15.7,-30.1,16.6,1.3,
Eovaldi, Nathan,543135,2021,31,32,182.1,764,719,182,109,54,4,15,195,35,25.5,4.6,.253,.402,.293,.695,76,81,11,9,3.75,.253,54.8,95.9,2151,-9.3,-16.1,17.3,2.5,32.5,81.6,2116,8.3,-46.6,11.3,4.3,12.7,87.9,1536,-11,-33.6,11.4,1.8,
Hendricks, Kyle,543294,2021,32,32,181.0,785,719,200,121,43,5,31,131,44,16.7,5.6,.278,.481,.327,.809,96,101,14,7,4.77,.278,60.5,87.3,1861,-11.7,-24.7,16.8,1.3,11.7,73.2,2844,14.9,-63.4,19.1,1.2,27.8,80,2008,-13.2,-31.9,17.4,1.1,
Lyles, Jordan,543475,2021,31,32,180.0,769,697,194,119,34,3,38,146,56,19.0,7.3,.278,.499,.334,.833,103,104,10,13,5.15,.278,51.2,92.4,2278,-7.4,-15.9,18.5,2.1,41.5,82,2645,8.7,-47.1,13.1,2.4,7.3,86.4,1594,-13.7,-27.5,16.9,1.7,
Ryu, Hyun Jin,547943,2021,34,31,169.0,701,658,170,105,38,3,24,143,37,20.4,5.3,.258,.435,.298,.733,82,85,14,10,4.37,.258,61.5,88.4,1965,7.3,-23.9,14.2,2.7,13.1,74.1,2494,-11.4,-63.3,17.5,2.5,25.4,79.9,1511,14,-36.2,15.9,2.2,
Wheeler, Zack,554430,2021,31,32,213.1,849,785,169,121,29,3,16,247,46,29.1,5.4,.215,.321,.263,.584,66,72,14,10,2.78,.215,60.6,97,2332,-10.1,-14.5,18.3,1.2,35.6,88.5,2466,4.6,-34.5,9.5,5.4,3.8,90.6,1596,-13.9,-23.3,17.3,1.7,
Corbin, Patrick,571578,2021,32,31,171.2,751,672,192,119,32,4,37,143,60,19.0,8.0,.286,.510,.340,.850,111,114,9,16,5.82,.286,56.7,92.4,2122,11,-18.3,18.1,1.8,39.1,80.3,2205,-3.5,-42.2,4.2,3.9,4.2,81.5,1619,10.4,-28.3,16.9,2.9,
Keuchel, Dallas,572971,2021,33,32,162.0,720,652,189,125,34,5,25,95,59,13.2,8.2,.290,.472,.354,.827,95,105,9,9,5.28,.290,64.4,86.8,2078,8.1,-29.6,13,1.9,7,77.8,2374,-6.7,-44.5,7.6,2,28.6,79.6,1630,14.7,-37.8,15.8,1.3,
Stroman, Marcus,573186,2021,30,33,179.0,730,665,161,118,23,3,17,158,44,21.6,6.0,.242,.362,.290,.653,60,70,10,13,3.02,.242,60.4,91.5,2368,-6.5,-27.7,9.9,1.6,23.5,84.8,2673,11.5,-36.5,12,2.4,16.1,86.1,1637,-12.1,-35.2,12.7,2.3,
Gausman, Kevin,592332,2021,30,33,192.0,775,715,150,97,29,4,20,227,50,29.3,6.5,.210,.345,.263,.609,60,66,14,6,2.81,.210,52.7,94.6,2283,-10.4,-14.2,19.5,1.7,5.9,81.9,2240,2,-39.7,3.2,1.9,41.4,83.6,1543,-12.2,-35.6,13.4,1.7,
Ray, Robbie,592662,2021,30,32,193.1,773,714,150,83,31,3,33,248,52,32.1,6.7,.210,.401,.266,.667,61,62,13,7,2.84,.210,59.6,94.8,2272,8.2,-13.5,19.1,1.4,36.8,87.6,2176,-1,-29.7,6.7,3,3.6,88.2,1727,10.2,-21.8,17.1,1.7,
Montas, Frankie,593423,2021,28,32,187.0,778,707,164,108,33,3,20,207,57,26.6,7.3,.232,.372,.293,.665,70,79,13,9,3.37,.232,58.2,96.3,2353,-11,-13.7,19.8,1.2,19.4,88.9,2467,5.1,-29.3,8.1,1.9,22.4,87.5,1595,-11.5,-31.7,12.4,1.2,
Musgrove, Joe,605397,2021,29,32,181.1,748,667,142,89,27,4,22,203,54,27.1,7.2,.213,.364,.286,.650,64,68,11,9,3.18,.213,43.6,92.2,2599,-2.8,-21.9,11.6,2,51.5,83.1,2795,12.6,-47,15.9,1.7,4.8,87.1,2069,-9.2,-31.5,10.8,1.5,
Nola, Aaron,605400,2021,28,32,180.2,749,696,165,105,29,5,26,223,39,29.8,5.2,.237,.405,.284,.690,93,95,9,9,4.63,.237,53.2,92.5,2182,-14,-19.5,19.2,1.9,27,78.5,2529,14.6,-55.1,17.9,1.3,19.8,85.2,1511,-15,-35.6,15.5,1.3,
Woodruff, Brandon,605540,2021,28,30,179.1,708,650,130,93,16,3,18,211,43,29.8,6.1,.200,.317,.254,.571,51,54,9,10,2.56,.200,60.4,96.4,2326,-9.7,-14.5,18.4,1.2,25.3,84.7,2614,4.3,-47.2,10.5,2.2,14.2,86.5,1906,-14.7,-29.7,16.4,1.4,
Fried, Max,608331,2021,27,28,165.2,667,612,139,94,28,2,15,158,41,23.7,6.1,.227,.353,.280,.633,56,61,14,7,3.04,.227,50.4,93.8,2088,3.4,-18.7,13.5,1.8,47.4,79.1,2574,-8.6,-52.8,14,6.2,2.2,84.7,1411,11.8,-32.5,13.6,1.8,
Giolito, Lucas,608337,2021,27,31,178.2,720,662,145,87,27,4,27,201,52,27.9,7.2,.219,.394,.276,.671,70,74,11,9,3.53,.219,43.9,93.8,2345,-6.7,-12,20.3,1.3,24.3,85,2069,3.1,-34.8,6.8,2.3,31.8,81.5,1492,-10.2,-28.2,16.7,1.2,
Irvin, Cole,608344,2021,27,32,178.1,768,710,195,136,35,1,23,125,42,16.3,5.5,.275,.424,.320,.744,84,94,10,15,4.24,.275,59.8,90.7,1935,10.1,-18,18.8,1.7,18.2,81.9,2018,-2.8,-40.5,4.6,3,22,84.3,1584,12.8,-29.5,15.9,1.3,
Marquez, German,608566,2021,26,32,180.0,756,682,165,108,35,1,21,176,64,23.3,8.5,.242,.389,.308,.697,88,92,12,11,4.40,.242,52.9,94.7,2075,-6.9,-19,13.6,1.5,45.1,85.8,2526,2.5,-37.1,4.3,2,2.1,86.1,1670,-10.8,-29.1,13.7,1.8,
Buehler, Walker,621111,2021,27,33,207.2,815,747,149,92,36,2,19,212,52,26.0,6.4,.199,.329,.254,.583,57,61,16,4,2.47,.199,68.2,94.4,2492,-2,-15.3,16.6,2.2,27,82.6,2829,12.5,-47.2,16.4,3,4.8,91.5,1522,-13,-27.1,14.4,1.5,
McCullers Jr., Lance,621121,2021,28,28,162.1,684,596,122,80,26,3,13,185,76,27.0,11.1,.205,.324,.304,.628,57,59,13,5,3.16,.205,35.5,93.8,2132,-13,-25.1,14.9,1.9,50.8,85.1,2859,12.8,-40.7,15.4,1.8,13.7,85.8,1682,-17.2,-37.6,17.5,1.5,
Berrios, Jose,621244,2021,27,32,192.0,781,714,159,94,40,3,22,204,45,26.1,5.8,.223,.380,.280,.660,75,83,12,9,3.52,.223,56.3,93.9,2180,-13.2,-18.3,18.8,1.2,30.5,82.9,2338,15,-43.6,15.6,1.6,13.2,84.8,1521,-13.9,-33.6,14.9,1.9,
Castillo, Luis,622491,2021,29,33,187.2,803,711,181,121,34,7,19,192,75,23.9,9.3,.255,.402,.328,.730,83,94,8,16,3.98,.255,52.3,97.2,2241,-14.2,-20,17.7,1.4,17.4,86.4,2441,0.5,-36.8,2.7,1.8,30.4,88.3,1971,-16.8,-34.1,16.9,1.6,
Flexen, Chris,623167,2021,27,31,179.2,741,690,185,127,34,5,19,125,40,16.9,5.4,.268,.414,.309,.724,72,74,14,6,3.61,.268,69.4,91.2,2188,0.9,-19.2,14.6,2.5,15.3,77.2,2708,7.9,-59.1,15.5,1.8,15.3,82.7,1326,-12.2,-30.2,15.7,1.4,
Urias, Julio,628711,2021,25,32,185.2,745,691,151,99,33,0,19,195,38,26.2,5.1,.219,.349,.263,.612,61,67,20,3,2.96,.219,48.4,94.1,2499,3.8,-13.5,17.8,1.3,34.2,81.4,2885,-15.8,-42.3,16.1,1.8,17.3,86.8,1921,14.6,-28.9,16.4,1.5,
Manaea, Sean,640455,2021,29,32,179.1,754,702,179,119,33,2,25,194,41,25.7,5.4,.255,.415,.304,.718,78,79,11,10,3.91,.255,60,92.1,1996,13.8,-20.1,18.6,1.7,15.6,82.6,2014,-4.9,-37.5,6.5,2.9,24.4,84.5,1376,12.2,-31.7,14.2,2,
Mahle, Tyler,641816,2021,27,33,180.0,759,674,158,100,31,3,24,210,64,27.7,8.4,.234,.396,.306,.702,75,78,13,6,3.75,.234,53.1,94,2335,-12.1,-13.9,21,1.6,31.1,86.7,2519,2.8,-29.1,8,2.1,15.8,86.4,1841,-14.5,-28.4,16.9,1.9,
Alcantara, Sandy,645261,2021,26,33,205.2,837,768,171,107,40,3,21,201,50,24.0,6.0,.223,.365,.276,.641,73,85,9,15,3.19,.223,49.8,97.8,2287,-14.4,-18.6,18.3,1.4,26.7,89.8,2363,-0.8,-31.3,4.8,2.8,23.5,91.8,2006,-16.1,-29.2,16.5,1.4,
Cease, Dylan,656302,2021,26,32,165.2,708,623,139,94,22,3,20,226,68,31.9,9.6,.223,.364,.305,.669,72,77,13,7,3.91,.223,46.8,96.7,2543,-4.4,-10.5,19.4,1.5,45.8,83.9,2838,6.4,-45.9,11.4,3.7,7.4,78.1,1641,-7.3,-29.2,17.4,2.6,
Burnes, Corbin,669203,2021,27,28,167.0,657,612,123,96,17,3,7,234,34,35.6,5.2,.201,.273,.248,.521,45,47,11,5,2.43,.201,62.9,95.5,2734,1.6,-18.4,13,1.5,27.4,83.5,2865,10,-44.6,12.1,3.9,9.6,90.7,1882,-13.9,-25.9,16.1,1.3,
Dickey, R.A.,285079,2017,43,31,190.0,815,726,193,116,46,5,26,136,67,16.7,8.2,.266,.450,.331,.782,90,99,10,10,4.26,.266,17.3,83.6,1878,-15.7,-29.1,19.9,1.5,82.7,77.3,1530,-1.6,-43.9,9.5,3.2,,,,,,,,
Lackey, John,407793,2017,39,31,170.2,731,654,165,97,30,2,36,149,53,20.4,7.3,.252,.469,.315,.784,87,93,12,12,4.59,.252,87.9,87.5,2163,-4.8,-27,13.7,5,7.4,77.5,2283,7.4,-49.7,8.7,1.4,4.6,83.5,1647,-14.5,-29.7,17.7,1.6,
Greinke, Zack,425844,2017,34,32,202.1,801,749,172,108,35,4,25,215,45,26.8,5.6,.230,.387,.271,.658,72,80,17,7,3.20,.230,48.2,90.8,2382,-4,-16.6,18.3,1.2,35.6,80.4,2594,8.2,-46.5,11.4,5.5,16.1,87.1,1821,-13.1,-30.2,15.3,1.1,
Santana, Ervin,429722,2017,35,33,211.1,864,786,177,113,28,5,31,167,61,19.3,7.1,.225,.392,.285,.677,77,85,16,8,3.28,.225,52.9,92.8,2196,-7.3,-13.9,20.2,1.6,36.9,84.5,2372,5.3,-31.1,10.7,1.8,10.2,85.8,1516,-11.1,-21.4,20.1,1.5,
Verlander, Justin,434378,2017,34,33,206.0,849,768,170,112,29,2,27,219,72,25.8,8.5,.221,.370,.290,.660,77,80,15,8,3.36,.221,58.4,95.3,2540,-13.6,-13.6,22.3,1.6,37.5,84.9,2646,4.6,-39.9,10.3,4.7,4.1,87.6,1813,-16.5,-28.6,18.8,1.4,
Hammel, Jason,434628,2017,35,32,180.1,804,737,209,146,35,2,26,145,48,18.0,6.0,.284,.442,.331,.773,106,109,8,13,5.29,.284,50.1,92.1,2178,-12.8,-17.5,19.9,1,46.4,83.4,2435,3.6,-42,6.9,3.7,3.6,85.1,1764,-16.4,-28.5,19.1,1,
Nolasco, Ricky,445060,2017,35,33,181.0,787,716,205,117,52,1,35,143,58,18.2,7.4,.286,.508,.338,.846,99,102,6,15,4.92,.286,48.4,90.9,2055,-13.2,-21.7,19,1.4,36.6,79.1,2382,6.7,-52.1,9.8,4,15,80.9,1379,-12.5,-39.8,13.5,1.2,
Kluber, Corey,446372,2017,31,29,203.2,777,732,141,89,31,0,21,265,36,34.1,4.6,.193,.321,.234,.555,51,56,18,4,2.25,.193,65.8,91.3,2380,-6.5,-22.6,14.3,2.3,28.1,84.4,2589,13.6,-35.2,14.7,1.4,6.1,85.8,1707,-12.8,-30.8,14.8,1.2,
Vargas, Jason,450306,2017,34,32,179.2,756,685,181,117,33,4,27,134,58,17.7,7.7,.264,.442,.323,.765,83,84,18,11,4.16,.264,47.2,85.6,2197,9.7,-23.1,17.7,1.4,20.3,72.1,2491,-13.8,-65.3,17.7,1.6,32.4,79.5,2278,12.4,-31.8,17.4,1.3,
Lester, Jon,452657,2017,33,32,180.2,763,691,179,116,34,3,26,180,60,23.6,7.9,.259,.430,.318,.748,87,101,13,8,4.33,.259,78.4,89.9,2223,4.7,-20.7,15.7,2.4,13.1,75.6,2512,-10.8,-53.2,11.8,2.1,8.5,84.6,1743,13,-30.9,15.3,1.3,
Scherzer, Max,453286,2017,33,31,200.2,780,709,126,72,30,2,22,268,55,34.4,7.1,.178,.319,.246,.565,56,62,16,6,2.51,.178,56.3,93.2,2495,-8.3,-16.5,18.7,2.7,29.4,83.1,2433,6,-39.6,8.4,4.3,14.3,84.6,1519,-13.9,-34.7,15.1,1.7,
Richard, Clayton,453385,2017,34,32,197.1,858,780,240,160,48,8,24,151,59,17.6,6.9,.308,.482,.358,.840,105,114,8,15,4.79,.308,68.7,90.5,2090,14.9,-29.9,16.5,1.5,20.3,81.5,2211,-1.8,-44.2,6.6,2.5,11,83.7,1848,14.6,-37.4,15.7,2,
Arrieta, Jake,453562,2017,31,30,168.1,707,637,150,89,33,5,23,163,55,23.1,7.8,.235,.411,.304,.715,66,82,14,10,3.53,.235,63.4,92.2,2260,-14.1,-20.4,19.1,1.2,28.3,83.3,2578,9.8,-43.4,13.4,5.3,8.3,87.3,1800,-14.4,-30.9,16.1,1.4,
Lynn, Lance,458681,2017,30,33,186.1,776,676,151,96,21,7,27,153,78,19.7,10.1,.223,.395,.308,.703,71,80,11,8,3.43,.223,89.9,91.3,2316,-10.5,-21.6,17.1,2.5,4.8,78.9,2184,5.6,-52.2,9.8,2.1,5.3,86,1987,-13,-27.8,17.1,2.2,
Gonzalez, Gio,461829,2017,32,32,201.0,827,731,158,106,31,0,21,188,79,22.7,9.6,.216,.345,.295,.640,66,69,15,9,2.96,.216,56.6,89.7,2208,12.3,-19.2,20.1,1.4,24.7,74.8,2708,-13.1,-63.4,18.4,1.7,18.7,83,1676,13.1,-29.9,16.9,1.3,
Estrada, Marco,462136,2017,34,33,186.0,806,726,186,102,49,4,31,176,71,21.8,8.8,.256,.463,.321,.784,103,104,10,9,4.98,.256,60.4,89.5,2401,-4.8,-13.4,23.3,1.7,7.7,77.5,2662,4.5,-60.1,12.5,1.4,31.9,77.5,2125,-11.8,-27.4,23.8,1.5,
Nova, Ivan,467100,2017,30,31,187.0,785,732,203,129,40,5,29,131,36,16.7,4.6,.277,.464,.313,.778,86,96,11,14,4.14,.277,68,92.8,2193,-16.2,-21.5,20.2,1.4,22.1,80.6,2352,1.6,-48.7,6.5,1.6,9.8,86.4,1965,-16.9,-27.3,19.8,1.3,
Chacin, Jhoulys,468504,2017,29,32,180.1,765,667,157,105,31,2,19,153,72,20.0,9.4,.235,.373,.318,.691,78,82,13,10,3.89,.235,54.7,91.2,2146,-16.9,-22.7,21.4,1.5,39.3,79.6,2482,12.7,-42.2,14,2.3,6,83.3,1503,-14.2,-32.4,17.6,1.8,
Carrasco, Carlos,471911,2017,30,32,200.0,798,735,173,106,44,2,21,226,46,28.3,5.8,.235,.386,.287,.673,73,73,18,6,3.29,.235,49.3,94.2,2228,-13.7,-17.3,19.8,1.6,34.6,84.3,2588,3.6,-39.1,6.1,2.1,16.1,88.4,1485,-12.4,-32.5,13.4,1.6,
Hellickson, Jeremy,476451,2017,30,30,164.0,695,628,160,81,41,3,35,96,47,13.8,6.8,.255,.497,.309,.806,99,105,8,11,5.43,.255,57.1,89.4,2143,-10.9,-20.1,19.8,1.9,12.6,76.7,2924,10.3,-61.6,16.4,1.9,30.3,81.3,1830,-10.3,-30.8,16,1.6,
Kershaw, Clayton,477132,2017,29,27,175.0,679,641,136,91,20,2,23,202,30,29.7,4.4,.212,.357,.244,.602,45,49,18,4,2.31,.212,47.7,92.9,2340,1,-9.3,23,1.1,51.3,83.6,2435,-2.7,-37.2,13.5,8.1,1,85.9,2171,10.9,-15.4,25,1.4,
Cashner, Andrew,488768,2017,31,28,166.2,704,624,156,115,25,1,15,86,64,12.2,9.1,.250,.365,.325,.691,63,75,11,11,3.40,.250,66.9,93.2,2104,-14.1,-18.6,20.1,2.3,19.6,85.4,2120,1.6,-37.6,8.1,4,13.5,84.9,1495,-14.6,-30.4,17.1,1.4,
Quintana, Jose,500779,2017,28,32,188.2,790,715,170,107,36,4,23,207,61,26.2,7.7,.238,.396,.305,.701,87,92,11,11,4.15,.238,62.8,92.1,2029,7,-14.9,19.1,1.1,28.1,77.1,2187,-10.8,-49.5,12.2,1.2,9,86.1,1329,10.1,-25.9,15.4,1.1,
Archer, Chris,502042,2017,29,34,201.0,852,784,193,125,37,4,27,249,60,29.2,7.0,.246,.407,.303,.710,91,101,10,12,4.07,.246,47.4,95.5,2249,-6.5,-12.4,19.5,1.5,44.5,88.9,2546,3.2,-34.9,4.7,1.9,8,85.9,1766,-14.6,-29.5,17,1.8,
Cobb, Alex,502171,2017,30,29,179.1,742,689,175,116,36,1,22,128,44,17.3,5.9,.254,.405,.303,.708,73,78,12,10,3.66,.254,51.7,91.7,2101,-14.9,-18.5,21.6,1,34.1,80.5,2536,4.8,-60.2,16.4,1.5,14.3,85.6,1599,-15,-27.5,19.8,1.1,
Samardzija, Jeff,502188,2017,32,32,207.2,847,801,204,122,40,12,30,205,32,24.2,3.8,.255,.447,.286,.733,102,107,9,15,4.42,.255,58.3,93.9,2474,-11.7,-18.3,18.8,1.9,33.4,84.7,2392,1.6,-36.2,9.9,4.4,8.3,86.7,1690,-11,-27.1,15.6,2.3,
Leake, Mike,502190,2017,30,31,186.0,782,724,201,137,42,2,20,130,37,16.6,4.7,.278,.424,.316,.740,81,93,10,13,3.92,.278,67.5,89.8,2075,-11.4,-28.8,14.7,1.5,20.6,80.2,2510,9.1,-48.5,10.6,2,11.9,84.5,1770,-15.8,-37.5,16.4,1.8,
Darvish, Yu,506433,2017,31,31,186.2,766,697,159,96,35,1,27,209,58,27.3,7.6,.228,.397,.291,.689,80,83,10,12,3.86,.228,66.6,93,2489,-4.5,-19.1,15.9,3.1,30.8,80.8,2633,15.3,-48.2,17.5,4.6,2.6,87.7,1823,-9.8,-28,13.2,1.7,
Moore, Matt,519043,2017,28,32,174.1,790,706,200,120,44,9,27,148,67,18.7,8.5,.283,.486,.347,.833,107,116,6,15,5.52,.283,66.4,91.3,2238,11.4,-16.6,21.2,2.1,17.7,81.1,2394,-5.1,-47.1,7.7,1.4,15.9,83.1,1727,16.1,-31.8,18.9,2,
Nelson, Jimmy,519076,2017,28,29,175.1,728,665,171,126,28,1,16,199,48,27.3,6.6,.257,.374,.313,.688,68,75,12,6,3.49,.257,61.3,93.9,2213,-12,-19,17.9,1.2,36.1,86.2,2548,8.3,-37.4,10.6,2.6,2.7,87.6,1561,-7.9,-31.8,9.8,1.4,
Pomeranz, Drew,519141,2017,29,32,173.2,740,659,166,117,27,3,19,174,69,23.5,9.3,.252,.388,.323,.711,64,69,17,6,3.32,.252,61.6,90.9,2353,5.4,-16.6,19.5,2.4,37,79.4,2204,-7.2,-62.3,17.5,1.7,1.4,81.1,1697,12.5,-30.7,18.3,1.8,
Porcello, Rick,519144,2017,29,33,203.1,885,824,236,141,54,3,38,181,48,20.5,5.4,.286,.498,.328,.825,105,125,11,17,4.65,.286,59.2,91.1,2389,-12.5,-19,19.7,2.2,32.5,80.4,2671,8,-47,12.3,6.4,8.3,80.3,1621,-14.8,-34,17.5,1.6,
Sale, Chris,519242,2017,28,32,214.1,851,794,165,104,34,3,24,308,43,36.2,5.1,.208,.349,.254,.603,69,73,17,8,2.90,.208,48.3,94.5,2305,15.7,-19.7,20,2.4,32.9,79.8,2395,-13.1,-47.8,13.7,2.3,18.8,86.8,2016,18.5,-31,19.9,2,
Perez, Martin,527048,2017,26,32,185.0,811,735,221,157,39,2,23,115,63,14.2,7.8,.301,.453,.358,.811,99,108,13,12,4.82,.301,58.7,93.1,2048,13.6,-20,19,1.6,20.9,81.6,2455,-5.5,-43,7.8,3.4,20.4,84.6,1780,14.6,-29.2,17.8,1.3,
Teheran, Julio,527054,2017,26,32,188.1,812,723,186,119,31,5,31,151,72,18.6,8.9,.257,.443,.326,.769,94,103,11,13,4.49,.257,64.8,91.3,2229,-11.2,-20.7,17.8,1.9,28.7,79.7,2503,5,-41.9,8.8,5.5,6.5,81.9,1595,-13.9,-30.3,17.9,2.1,
Cole, Gerrit,543037,2017,27,33,203.0,849,784,199,126,36,6,31,196,55,23.1,6.5,.254,.434,.304,.738,96,98,12,12,4.26,.254,60.2,95.8,2149,-14.4,-15.3,21.1,1.6,29.5,84.9,2528,6.3,-39.6,9.3,4.6,10.3,88.5,1631,-16.5,-26.2,19.3,1.6,
Gray, Sonny,543243,2017,28,27,162.1,678,615,139,88,30,2,19,153,57,22.6,8.4,.226,.374,.294,.667,64,79,10,12,3.55,.226,60.7,92.7,2279,-7.7,-19.8,15.5,1.7,30,83.3,2866,10.1,-47.8,13.2,2.7,9.4,89.5,1827,-11.7,-26.2,14.7,1.3,
Roark, Tanner,543699,2017,31,32,181.1,776,701,178,120,31,4,23,166,64,21.4,8.2,.254,.408,.320,.728,94,105,13,11,4.67,.254,56.4,92.3,2058,-10.1,-16,20.1,1.5,31.5,81.1,2511,8.5,-44.7,13.9,5.9,12.2,83.7,1757,-12.5,-28.1,17.5,1.4,
Strasburg, Stephen,544931,2017,29,28,175.1,701,641,131,86,31,1,13,204,47,29.1,6.7,.204,.317,.264,.581,49,55,15,4,2.52,.204,54.8,95.3,2164,-10.7,-12.9,20.3,1.8,27.7,83.8,2707,11.1,-43.2,14.5,3.4,17.5,88.6,1745,-15.2,-27.1,17.2,1.4,
Bauer, Trevor,545333,2017,26,32,176.1,749,680,181,112,41,3,25,196,60,26.2,8.0,.266,.446,.328,.774,82,84,17,9,4.19,.266,61.1,92.5,2325,-8.3,-17.8,18.3,3.8,31.2,78.8,2546,7.6,-61.6,17.6,2.5,7.7,86.8,1646,-14.3,-28.4,17,1.7,
Tanaka, Masahiro,547888,2017,29,30,178.1,752,700,180,103,42,0,35,194,41,25.8,5.5,.257,.467,.303,.770,94,100,13,12,4.74,.257,37.6,91.5,2153,-11.8,-21,18.2,1.8,37.4,83.4,2377,4.3,-39.2,7.8,3.6,25,87.6,1496,-12.8,-33,13.9,1.6,
Urena, Jose,570632,2017,26,34,169.2,724,638,152,96,25,5,26,113,64,15.6,8.8,.238,.415,.318,.733,72,77,14,7,3.82,.238,54.7,95.6,2164,-14.6,-17.4,20,1.5,23.8,85,2305,1.7,-29.5,10,2,21.5,88.6,1807,-14.3,-22.9,19.2,1.9,
Corbin, Patrick,571578,2017,28,33,189.2,826,753,208,128,47,7,26,178,61,21.5,7.4,.276,.461,.329,.790,85,97,14,13,4.03,.276,53.3,92.2,2269,9.5,-19,16.7,1.5,37.6,80.9,2359,-6.3,-43.8,7.7,2,9.1,83.5,1797,10.8,-27.9,16.1,2.1,
Straily, Dan,573185,2017,29,33,181.2,769,687,176,99,41,5,31,170,60,22.1,7.8,.256,.466,.313,.779,86,90,10,9,4.26,.256,50.5,90.4,2230,-7.9,-13.6,22.1,1.3,32.1,82.8,2408,5.8,-35.7,9.2,3.7,17.4,83.4,1408,-11.8,-33.7,14.3,1.5,
Stroman, Marcus,573186,2017,26,33,201.0,834,762,201,146,33,1,21,164,62,19.7,7.4,.264,.392,.323,.715,69,82,13,9,3.09,.264,66.1,93.2,2274,-10.5,-26.7,12.9,1.5,27.9,85.8,2735,11.2,-40.1,12.1,2.3,6,82.7,1680,-15.3,-34.4,17.3,2.1,
Gausman, Kevin,592332,2017,26,34,186.2,816,736,208,138,39,2,29,179,71,21.9,8.7,.283,.459,.348,.807,97,99,11,12,4.68,.283,64.2,94.9,2249,-14.1,-14.1,22.2,1.9,13.9,82.6,2291,1.4,-38.8,5.1,2.7,21.9,85,1602,-15.6,-31.4,17.8,1.9,
Ray, Robbie,592662,2017,26,28,162.0,665,582,116,73,18,2,23,218,71,32.8,10.7,.199,.356,.289,.644,52,57,15,5,2.89,.199,59.2,94.1,2276,8.9,-13.9,19.7,1.7,40.8,83.2,2067,-1.2,-40.3,6.6,2.9,,,,,,,,
Martinez, Carlos,593372,2017,26,32,205.0,858,772,179,114,34,4,27,217,71,25.3,8.3,.232,.391,.301,.692,83,93,12,11,3.64,.232,55.5,95.6,2049,-14,-21.3,18.1,2.3,27.5,85,2183,8.9,-36.1,10.8,2.3,16.9,87.8,1988,-17.1,-35.1,17.6,1.9,
deGrom, Jacob,594798,2017,29,31,201.1,827,758,180,124,25,3,28,239,59,28.9,7.1,.237,.389,.291,.681,79,87,15,10,3.53,.237,55.3,95.1,2343,-9.6,-14,19,1.4,32.2,86.9,2480,3.2,-33,6.9,4.4,12.4,87.7,1793,-14.8,-26.8,17.2,1.6,
Bundy, Dylan,605164,2017,25,28,169.2,698,633,152,91,34,1,26,152,51,21.8,7.3,.240,.420,.301,.721,80,82,13,9,4.24,.240,53.7,92.1,2469,-8.6,-13.3,22.1,1.7,32.8,80.3,2403,5.3,-45.8,8.8,4.8,13.5,83.6,1754,-13.8,-28,19.1,1.6,
Davies, Zach,605200,2017,24,33,191.1,817,741,204,141,36,7,20,124,55,15.2,6.7,.275,.424,.328,.752,83,90,17,9,3.90,.275,70.6,89.1,2135,-13.7,-23.5,19.1,1.9,15.5,73.4,2603,10.1,-65.2,16.2,1.3,14,79.4,1795,-16.1,-34.5,19.1,1.3,
Fulmer, Michael,605242,2017,24,25,164.2,676,617,150,112,23,2,13,114,40,16.9,5.9,.243,.350,.293,.643,70,80,10,12,3.83,.243,59.7,95.8,2065,-10.6,-15.5,18.6,1.3,21.5,88.9,2377,2.8,-28.1,8.7,2.4,18.8,87.8,1748,-12.7,-30.6,14,1.5,
Nola, Aaron,605400,2017,24,27,168.0,693,640,154,103,29,4,18,184,49,26.6,7.1,.241,.383,.296,.679,66,67,12,11,3.54,.241,53.7,91.9,2074,-12.2,-20.5,17.4,1.7,30.8,77.4,2544,19.2,-54.8,21.1,1.3,15.5,83.8,1435,-12.8,-35.9,13.5,1.4,
Perdomo, Luis,606131,2017,24,29,163.2,716,638,182,126,39,0,17,118,65,16.5,9.1,.285,.426,.356,.782,85,97,8,11,4.67,.285,62.8,94,1955,-19.5,-23.5,21.8,1.5,32,84.4,2338,-0.7,-42.8,6.1,1.6,5.1,87.2,1488,-17.6,-31.2,19.1,1.5,
Wacha, Michael,608379,2017,26,30,165.2,701,636,170,117,33,3,17,158,55,22.5,7.8,.267,.409,.325,.734,76,82,12,9,4.13,.267,70,94.1,2155,-5.7,-14.4,17.7,2.7,11.5,76.5,2234,6.2,-60.2,14.8,1.5,18.5,87.8,1702,-10.7,-23.6,16.1,1.5,
Marquez, German,608566,2017,22,29,162.0,701,634,174,105,37,7,25,147,49,21.0,7.0,.274,.473,.330,.803,79,82,11,7,4.39,.274,65.8,94.9,2171,-7.5,-16,18.1,2,29.2,81.5,2589,7.4,-48.5,11.4,3.6,5,85.6,1682,-8.4,-28.3,14,2.1,
Blach, Ty,621389,2017,27,34,163.2,692,633,179,120,36,6,17,73,43,10.5,6.2,.283,.439,.322,.761,87,91,8,12,4.78,.283,60.1,90.1,2104,15.6,-20,22.3,1.2,16.2,77.4,2231,-2.6,-52.5,7,2.2,23.7,80.2,1990,18.2,-32.6,22.6,1.2,
Severino, Luis,622663,2017,23,31,193.1,783,720,150,99,30,0,21,230,51,29.4,6.5,.208,.338,.264,.602,64,73,14,6,2.98,.208,51.3,97.5,2301,-9.9,-11.4,20.6,1.5,35.1,88.3,2689,6.3,-36.8,7.6,2,13.6,87.2,1671,-13.1,-23.5,18.5,3.1,
Wainwright, Adam,425794,2019,38,31,171.2,745,662,181,118,38,3,22,153,64,20.5,8.6,.273,.440,.340,.779,80,83,14,10,4.19,.273,61.1,88,2238,-4,-26.1,12.9,3.1,36.8,74.9,2752,18.4,-62.4,22.1,2.1,2,83.9,1769,-14.4,-31,16.9,1.6,
Greinke, Zack,425844,2019,36,33,208.2,810,767,175,115,37,2,21,187,30,23.1,3.7,.228,.364,.258,.622,68,73,18,5,2.93,.228,46.7,89.9,2318,-3.2,-18.3,16.9,1.4,31,77.4,2481,9.7,-53.6,12.3,7.7,22.3,87.3,1779,-12.4,-32.4,13.2,1.4,
Verlander, Justin,434378,2019,36,34,223.0,847,796,137,66,28,7,36,300,42,35.4,5.0,.172,.361,.218,.579,64,66,21,6,2.58,.172,49.9,94.6,2577,-10.1,-10.7,23,1.3,45.9,84.5,2690,5.4,-40.4,10.4,4.6,4.2,86.9,1866,-16.3,-26.5,19.5,1.3,
Sanchez, Anibal,434671,2019,35,30,166.0,712,647,153,90,38,3,22,134,58,18.8,8.1,.236,.406,.302,.708,71,77,11,8,3.85,.236,63.3,89.3,2251,-2,-19.6,16.1,2,8.7,78.9,2180,4.4,-45.1,5.8,3.4,28,82.1,1670,-13.2,-32.9,15.9,5.8,
Morton, Charlie,450203,2019,36,33,194.2,790,717,154,100,33,6,15,240,57,30.4,7.2,.215,.340,.282,.623,66,71,16,6,3.05,.215,59.4,92.8,2237,-12.1,-24,16.7,4.1,37.3,78.6,2886,18.6,-55.5,20.9,1.2,3.3,84.9,2124,-20,-35.5,20.4,1.3,
Lester, Jon,452657,2019,35,31,171.2,764,698,205,139,35,5,26,165,52,21.6,6.8,.294,.470,.343,.813,85,101,13,10,4.46,.294,72.7,89.1,2302,4,-22.4,14,1.9,15.4,74.5,2606,-11.5,-55.3,12.6,2,11.9,84.3,1939,13.5,-31.4,15.3,1.4,
Scherzer, Max,453286,2019,35,27,172.1,693,650,144,83,43,0,18,243,33,35.1,4.8,.222,.371,.266,.636,56,59,11,7,2.92,.222,56.2,94.2,2470,-10.6,-18.1,17.4,2.4,29.4,83.5,2472,5.4,-40.6,6.8,3.8,14.5,84.3,1551,-15.7,-36.3,16.1,1.4,
Bailey, Homer,456701,2019,33,31,163.1,696,632,162,114,24,3,21,149,53,21.4,7.6,.256,.403,.315,.718,83,84,13,9,4.57,.256,50.5,93,2091,-8.2,-16.6,17.1,1.5,23.5,83.9,1872,5.4,-39.1,9.1,5.1,26,84.2,1122,-7.4,-35.2,9.2,1.8,
Lynn, Lance,458681,2019,32,33,208.1,875,801,195,126,42,6,21,246,59,28.1,6.7,.243,.390,.299,.689,85,89,16,11,3.67,.243,87.5,93.2,2467,-5.7,-20.1,14.1,2.9,9.5,81.2,2352,7.8,-52,12.6,1.7,3,86.9,1811,-12.6,-29.6,14.4,2.1,
Nova, Ivan,467100,2019,32,34,187.0,806,743,225,151,44,0,30,114,47,14.1,5.8,.303,.483,.349,.832,98,107,11,12,4.72,.303,67.4,91.3,2181,-13.2,-24.9,16.4,2.9,16.8,79.9,2257,2.8,-50.5,7.3,1.8,15.8,86.2,2000,-16.5,-29.8,18.2,1.3,
Anderson, Brett,474463,2019,31,31,176.0,743,682,181,126,33,2,20,90,49,12.1,6.6,.265,.408,.315,.723,76,80,13,9,3.89,.265,62.4,90.3,1867,11.3,-24.8,15.9,2.1,24.1,80.5,2386,-5.3,-53.5,11.5,3.3,13.4,82.6,1481,14,-34.2,15.9,1.8,
Kershaw, Clayton,477132,2019,31,29,178.1,706,654,145,91,23,3,28,189,41,26.8,5.8,.222,.394,.266,.661,60,63,16,5,3.03,.222,43.9,90.3,2477,-1.2,-14.6,19.3,1,55.5,82.9,2606,-4.4,-40.4,11.8,7,0.6,85.2,2210,10.6,-19.9,21.5,1.5,
Miley, Wade,489119,2019,33,33,167.1,720,646,164,114,25,2,23,140,61,19.4,8.5,.254,.406,.319,.725,74,83,14,6,3.98,.254,69.1,88.3,2229,0.2,-24.8,11.9,2.4,10.3,76.1,2425,-7.4,-61,13.8,2.7,20.7,81.2,1869,14.9,-31.3,18.5,1.4,
Quintana, Jose,500779,2019,30,32,171.0,745,678,191,126,43,2,20,152,46,20.4,6.2,.282,.440,.321,.760,89,100,13,9,4.68,.282,61.8,91.4,2000,7.6,-17.6,17.3,1,27.2,77,2215,-8.6,-54.5,12,1.1,11,86.5,1287,8.5,-27,13.4,1.2,
Minor, Mike,501985,2019,32,32,208.1,863,779,190,132,28,0,30,200,68,23.2,7.9,.244,.395,.307,.702,83,86,14,10,3.59,.244,44.6,92.5,2650,4.1,-17,16.2,1.3,30.8,84.3,2660,-6.1,-42.1,9,3.6,24.6,86.2,2287,17.5,-26.2,21.2,1.5,
Samardzija, Jeff,502188,2019,34,32,181.1,740,677,152,91,24,9,28,140,49,18.9,6.6,.225,.411,.280,.690,71,78,11,12,3.52,.225,71.8,90.8,2559,-9.2,-21.1,16.4,2.2,20.5,83.6,2455,0.5,-34.7,8.4,3.4,7.7,82.3,1451,-8,-30.8,13.3,1.6,
Leake, Mike,502190,2019,32,32,197.0,835,793,227,138,45,3,41,127,27,15.2,3.2,.286,.506,.316,.822,94,114,12,11,4.29,.286,58.8,87.6,2131,-4.9,-31,9.9,1.9,20.5,79.9,2533,11.5,-46.4,11.9,2,20.7,84,1719,-12.5,-41.2,12.9,1.6,
Darvish, Yu,506433,2019,33,31,178.2,731,657,140,80,23,4,33,229,56,31.3,7.7,.213,.411,.283,.694,79,82,6,8,3.98,.213,75.1,90.5,2533,-0.4,-26.6,11.8,4.7,20.7,80.7,2690,14.9,-46.5,17.1,3.9,4.2,88.1,1426,-5.9,-28.9,9.3,2.1,
Bumgarner, Madison,518516,2019,30,34,207.2,844,780,191,115,41,5,30,203,43,24.1,5.1,.245,.426,.289,.715,90,99,9,9,3.90,.245,76.3,89.6,2441,4.7,-21.9,13.9,2.6,18.3,78.8,2645,-11.8,-49.6,12.8,1.5,5.4,84.2,1641,13,-29.5,15.9,1.4,
Kelly, Merrill,518876,2019,31,32,183.1,777,709,184,113,38,4,29,158,57,20.3,7.3,.260,.447,.313,.760,90,95,13,14,4.42,.260,65.2,91.3,2403,-4.1,-19.9,14.8,1.9,21.3,80.6,2683,9.6,-55.3,15.9,1.8,13.4,86,2109,-12.6,-23.9,18.5,1.5,
Porcello, Rick,519144,2019,31,32,174.1,768,712,198,119,43,5,31,143,45,18.6,5.9,.278,.483,.324,.807,107,114,14,12,5.52,.278,57,90.4,2370,-12.4,-21.8,18.3,1.6,31.1,80.5,2660,8.2,-44.4,10.6,5.4,11.9,80.8,1600,-13.9,-34.6,16.2,1.6,
Perez, Martin,527048,2019,28,32,165.1,737,659,184,125,36,0,23,135,67,18.3,9.1,.279,.439,.345,.783,94,104,10,7,5.12,.279,73.1,91.7,2178,6.9,-23.2,14.3,3.5,4.7,79.2,2637,-5.1,-51.3,8.5,1.4,22.2,85.3,1795,14.9,-27.8,18,1.5,
Teheran, Julio,527054,2019,28,33,174.2,754,645,148,91,33,2,22,162,83,21.5,11.0,.229,.389,.325,.714,74,81,10,11,3.81,.229,64.4,89.6,2352,-9.4,-24.6,14.7,1.7,27.4,80.4,2643,5.3,-40.8,7.4,4,8.2,83.6,1704,-14.9,-31.7,16.8,1.7,
Cole, Gerrit,543037,2019,29,33,212.1,817,762,142,82,30,1,29,326,48,39.9,5.9,.186,.343,.236,.579,59,66,20,5,2.50,.186,54,97.1,2529,-11.6,-11,21.7,1.6,38.6,86.6,2736,7.6,-41.3,11.2,4,7.4,88.6,1870,-15.3,-22.9,19.5,1.5,
DeSclafani, Anthony,543101,2019,29,31,166.2,696,635,151,93,28,1,29,167,49,24.0,7.0,.238,.422,.293,.715,72,77,9,9,3.89,.238,55.3,94.7,2196,-11.4,-16,18.8,1.1,39.4,87.1,2217,4.1,-34.2,8.1,3.8,5.4,88.5,1535,-13.7,-28.2,15.2,1.3,
Gray, Sonny,543243,2019,30,31,175.1,708,622,122,80,21,4,17,205,68,29.0,9.6,.196,.325,.278,.603,56,59,11,8,2.87,.196,48.7,93.2,2493,-5.8,-18.3,15.3,1.3,46.5,83.1,2934,15.8,-49,18.5,2.2,4.7,89.7,2047,-12.7,-24.1,16.3,1.3,
Hendricks, Kyle,543294,2019,30,30,177.0,730,675,168,108,39,2,19,150,32,20.5,4.4,.249,.397,.286,.683,68,78,11,10,3.46,.249,62.2,86.9,1987,-10.7,-25.2,16.3,1.2,9.8,71.4,2784,15.7,-68,19.6,1.4,28.1,78.6,2115,-13.1,-34.1,17.3,1.1,
Roark, Tanner,543699,2019,33,31,165.1,722,655,180,113,36,3,28,158,51,21.9,7.1,.275,.467,.338,.805,80,84,10,10,4.35,.275,55.5,92,2113,-9.6,-17.1,19,1.4,34.6,82.4,2436,6.3,-43.5,11.8,5.9,9.8,84.1,1701,-13.3,-28.9,17.3,1.2,
Strasburg, Stephen,544931,2019,31,33,209.0,841,768,161,107,25,5,24,251,56,29.8,6.7,.210,.349,.270,.619,77,79,18,6,3.32,.210,48.3,93.8,2152,-12.1,-17.6,18.2,1.2,31,81.3,2767,12.8,-49.3,15.2,1.6,20.7,87.7,1679,-15.5,-32.1,15.9,1.2,
Bauer, Trevor,545333,2019,28,34,213.0,911,800,184,100,43,7,34,253,82,27.8,9.0,.230,.429,.313,.742,106,118,11,13,4.48,.230,58.7,91.8,2457,-5.8,-21.6,16,5.3,33.6,79.3,2626,12.7,-56.6,20,1.7,7.7,86,1707,-15.3,-28.1,18.2,1.8,
Tanaka, Masahiro,547888,2019,31,32,182.0,759,713,186,111,43,4,28,149,40,19.6,5.3,.261,.450,.300,.751,90,95,11,9,4.45,.261,33.7,91.1,2108,-10.3,-19,18.3,1.7,39.6,82.7,2390,6.9,-41.2,8,2.7,26.7,86.8,1589,-12.7,-31.9,14,1.4,
Ryu, Hyun Jin,547943,2019,32,29,182.2,723,685,160,108,35,0,17,163,24,22.5,3.3,.234,.359,.260,.619,47,53,14,5,2.32,.234,60,89.4,2064,7.7,-23.7,14.1,2.5,12.5,72.8,2568,-13.2,-65.6,18.5,2.6,27.5,80,1487,12.6,-36.8,13.9,1.8,
Wheeler, Zack,554430,2019,29,31,195.1,828,760,196,140,33,1,22,195,50,23.6,6.0,.258,.391,.300,.690,86,93,11,8,3.96,.258,59,96.7,2299,-12.2,-14.5,18.9,1.4,29.8,87.6,2473,4.1,-35.5,9.5,5.7,11.2,88.9,1736,-12.4,-24.7,15.9,1.5,
Boyd, Matthew,571510,2019,28,32,185.1,788,721,178,101,36,2,39,238,50,30.2,6.3,.247,.465,.299,.764,94,101,9,12,4.56,.247,53.9,92,2381,10.5,-17.7,18.2,1.7,40.1,78.9,2363,-5.3,-47.5,6.5,3.1,6,79.1,1956,11.4,-32.3,16.3,1.2,
Corbin, Patrick,571578,2019,30,33,202.0,835,746,169,107,37,1,24,238,70,28.5,8.4,.227,.375,.290,.665,73,81,14,7,3.25,.227,53.7,91.8,2227,12.5,-19.9,18.2,1.6,40.6,80.5,2363,-3.6,-43.6,4.3,4.8,5.7,81.8,1646,10.6,-30.5,15.1,2.3,
Fiers, Mike,571666,2019,34,33,184.2,754,683,166,115,19,2,30,126,53,16.7,7.0,.243,.408,.302,.711,80,82,15,4,3.90,.243,52.2,90.3,2301,-11.5,-17.4,20.9,1.6,35.3,80,2635,7,-49.3,16.1,6.8,12.5,84.1,1938,-16.4,-33.2,18.1,1.5,
Mikolas, Miles,571945,2019,31,32,184.0,764,710,193,127,33,6,27,144,32,18.8,4.2,.272,.449,.310,.760,85,90,9,14,4.16,.272,51.4,93.6,2268,-9.5,-17.8,17.1,1.4,44.8,82.9,2455,6.3,-47.1,11.1,5.1,3.8,87.7,1667,-13.5,-29,15.8,2.4,
Stroman, Marcus,573186,2019,28,32,184.1,774,711,183,131,32,2,18,159,58,20.5,7.5,.257,.384,.313,.697,66,77,10,13,3.22,.257,62.8,91.9,2452,-6.8,-27.4,10.9,1.3,31.8,85.4,2833,11.3,-38.4,11.8,2.9,5.3,87,1929,-13.9,-30.1,15.8,2.1,
Ray, Robbie,592662,2019,28,33,174.1,747,642,150,82,33,5,30,235,84,31.5,11.2,.234,.441,.320,.761,84,91,12,8,4.34,.234,52.7,92.4,2243,8.4,-14.9,19.7,1.5,47.3,83.3,2110,-1.7,-38.8,5,2.5,,,,,,,,
Syndergaard, Noah,592789,2019,27,32,197.2,825,758,194,129,37,4,24,202,50,24.5,6.1,.256,.410,.303,.713,94,101,10,8,4.28,.256,59,97.6,2151,-10.2,-16.5,16.6,1.1,24.7,85.7,2219,6.9,-38.8,7.7,5,16.3,91.1,1689,-15.5,-24.5,17.8,1.3,
Rodriguez, Eduardo,593958,2019,26,34,203.1,859,770,195,139,30,2,24,213,75,24.8,8.7,.253,.391,.322,.713,86,88,19,6,3.81,.253,70.7,91.9,2192,7.9,-21.1,15.1,2.6,5.4,83.2,2253,-4.7,-42,7.2,3.2,23.9,87.6,2049,17.5,-30.2,18.6,1.5,
deGrom, Jacob,594798,2019,31,32,204.0,804,745,154,106,28,1,19,255,44,31.7,5.5,.207,.323,.255,.578,55,59,11,8,2.43,.207,49.2,96.9,2387,-5.9,-12.2,17.5,1.2,35.3,91.8,2461,3.3,-25.9,7.6,2.8,15.6,90.2,1698,-13.6,-28.5,14.5,1.5,
Gonzales, Marco,594835,2019,27,34,203.0,866,794,210,134,50,3,23,147,56,17.0,6.5,.264,.422,.314,.736,90,106,16,13,3.99,.264,60.1,87.6,2250,7.6,-21.7,16.7,2.2,15.9,76.3,2346,-8.4,-60.7,14.8,1.4,24.1,81.2,2171,16.9,-32.1,19.7,1.1,
Junis, Jakob,596001,2019,27,31,175.1,771,696,192,122,37,2,31,164,58,21.3,7.5,.276,.468,.339,.807,102,108,9,14,5.24,.276,50.9,91.5,2026,-8.4,-20.8,15.6,1.3,43.7,81.4,2490,14.9,-45,15.3,2.1,5.4,84.6,1336,-4.5,-34.1,7.5,1.6,
Musgrove, Joe,605397,2019,27,32,170.1,718,662,168,94,48,5,21,157,39,21.9,5.4,.254,.437,.301,.737,84,98,11,12,4.44,.254,57.9,91.9,2404,-5.1,-22.3,12.8,2.2,31.6,82.9,2519,10.2,-44,12.1,1.4,10.6,85.3,2001,-7.1,-33,9.2,1.5,
Nola, Aaron,605400,2019,26,34,202.1,852,755,176,112,34,3,27,229,80,26.9,9.4,.233,.393,.313,.707,87,91,12,7,3.87,.233,46.2,92.8,2162,-13.8,-19.5,18.5,1.6,35.2,79.1,2574,14.9,-55.1,18.4,1.5,18.6,85.8,1570,-14.9,-33.2,15.6,1.5,
Fried, Max,608331,2019,25,33,165.2,702,644,174,120,33,0,21,173,47,24.6,6.7,.270,.419,.322,.741,74,80,17,6,4.02,.270,57,93.8,2072,3.7,-19.1,12.9,1.7,40.7,78.1,2737,-10.6,-59,18,5.4,2.4,84.8,1514,11.5,-31.5,13.4,1.8,
Giolito, Lucas,608337,2019,25,29,176.2,705,640,131,75,28,4,24,228,57,32.3,8.1,.205,.373,.272,.646,67,69,14,9,3.41,.205,55,94.2,2333,-7.6,-12.3,19.8,1.4,18.8,83.4,2140,3.6,-38.3,9,2.8,26.2,81.7,1563,-10.2,-27.9,16.3,1.4,
Marquez, German,608566,2019,24,28,174.0,721,671,174,114,27,4,29,175,35,24.3,4.9,.259,.441,.297,.738,92,96,12,5,4.76,.259,52.4,95.4,2207,-9.2,-19.2,15.6,1.7,44.6,86.1,2540,1.9,-38.7,4.8,2.6,3,87.8,1969,-14.7,-27.8,17.5,1.9,
Eflin, Zach,621107,2019,25,32,163.1,705,642,172,110,34,0,28,129,48,18.3,6.8,.268,.452,.321,.772,75,88,10,13,4.13,.268,55.8,93.5,2150,-11.8,-19.9,16.8,1.3,36.3,85.8,2271,4.7,-33.1,8.6,4,7.9,86.7,1785,-14,-27.9,16.3,1.4,
Buehler, Walker,621111,2019,25,30,182.1,737,685,153,99,29,5,20,215,37,29.2,5.0,.223,.368,.267,.635,66,77,14,4,3.26,.223,73.3,95.9,2491,-3.8,-14.1,17.1,2.1,26.2,84,2891,10.7,-47.7,15.1,4,0.5,91.6,1516,-12.9,-26.1,14.5,1.4,
Berrios, Jose,621244,2019,25,32,200.1,842,774,194,130,35,3,26,195,51,23.2,6.1,.251,.404,.302,.706,82,94,14,8,3.68,.251,55.3,92.7,2156,-12.5,-19.4,18,1.5,28.9,81.2,2334,17,-45.2,17.4,2.1,15.9,82.5,1705,-14.5,-36.9,15.1,2.1,
Castillo, Luis,622491,2019,27,32,190.2,781,688,139,87,29,1,22,226,79,28.9,10.1,.202,.343,.288,.631,72,76,15,8,3.40,.202,50.6,96.4,2130,-15.5,-21.5,18.7,1.3,16.9,85.9,2330,-0.4,-38.3,2.1,1.4,32.5,87.2,1972,-16.8,-34.3,17.3,1.1,
Lopez, Reynaldo,625643,2019,25,33,184.0,809,729,203,121,44,3,35,169,65,20.9,8.0,.278,.491,.341,.832,110,119,10,15,5.38,.278,58.5,95.4,2137,-10,-15.2,18.3,1.9,26.6,82.5,2109,3.5,-39.6,5.4,3.9,14.8,84,1610,-11.7,-28.1,16.3,1.9,
Hudson, Dakota,641712,2019,25,33,174.2,757,652,160,101,37,0,22,136,86,18.0,11.4,.245,.403,.337,.740,65,80,16,7,3.35,.245,61.7,93.6,2141,-11.1,-22.7,14.4,1.2,35.6,85.9,2364,4.3,-37.6,6,3.1,2.6,88.1,1459,-11.6,-27.1,14.1,1.5,
Keller, Brad,641745,2019,24,28,165.1,709,624,154,110,19,10,15,122,70,17.2,9.9,.247,.381,.329,.710,77,80,7,14,4.19,.247,67.2,93.3,2221,-4.1,-19.1,14.5,1.8,31.4,84.9,2510,7.2,-44,8.9,1.7,1.4,87.8,1698,-6.8,-29,10.3,1.6,
Alcantara, Sandy,645261,2019,24,32,197.1,838,743,179,111,43,2,23,151,81,18.0,9.7,.241,.397,.320,.717,85,94,6,14,3.88,.241,57.8,95.5,2374,-13.1,-19.2,18.4,1.6,30.1,84.8,2479,4.7,-40,6.1,2.7,12.1,89.1,1923,-16.1,-30.5,17,1.4,
Soroka, Mike,647336,2019,22,29,174.2,701,647,153,116,21,2,14,142,41,20.3,5.8,.236,.340,.287,.627,52,56,13,4,2.68,.236,63.4,92.4,2231,-12.8,-23.9,17,1.5,24.3,83.2,2776,6.4,-45.8,7.8,2.1,12.4,81.2,2178,-13.8,-30.3,19.1,1.5,
Flaherty, Jack,656427,2019,24,33,196.1,772,704,135,85,24,1,25,231,55,29.9,7.1,.192,.335,.255,.590,60,62,11,8,2.75,.192,58.5,93.8,2183,-6.1,-17.4,15,2.2,39.4,82.8,2426,8.4,-40.4,11.1,3.9,2,86.2,1704,-11.7,-29.4,13.7,1.8,
Lucchesi, Joey,664192,2019,26,30,163.2,686,619,144,86,32,3,23,158,56,23.0,8.2,.233,.405,.294,.700,76,78,10,10,4.18,.233,64.9,90.2,2219,9.9,-20.2,17.2,1.4,35.1,78.9,2091,-1.7,-45.2,3,1.8,,,,,,,,
Bieber, Shane,669456,2019,24,34,214.1,859,810,186,117,37,1,31,259,40,30.2,4.7,.230,.393,.270,.663,78,86,15,8,3.28,.230,45.8,93.1,2254,-8.3,-13.6,19.7,0.8,47,84,2341,2.5,-41.7,7.2,1.7,7.3,87.6,1725,-15.7,-28.4,17.5,1,
Greinke, Zack,425844,2018,35,33,207.2,839,784,181,114,37,2,28,199,43,23.7,5.1,.231,.390,.274,.664,74,77,15,11,3.21,.231,50.1,89.6,2329,-2.5,-18,17.4,1.3,28.9,78.7,2514,9,-49.8,11.6,6.9,21,86.5,1738,-12,-33,12.8,1.1,
Hamels, Cole,430935,2018,35,32,190.2,806,715,176,113,29,5,29,188,65,23.3,8.1,.246,.422,.323,.745,80,93,9,12,3.78,.246,62.9,90.7,2071,6.9,-21.5,14.9,2.8,18.2,80.5,2176,-4.2,-50.2,9.6,3.4,18.9,83.3,1652,13.5,-30.5,16.7,1.8,
Verlander, Justin,434378,2018,35,34,214.0,833,781,156,92,31,5,28,290,37,34.8,4.4,.200,.360,.241,.601,60,63,16,9,2.52,.200,61.8,95,2618,-10.9,-11.1,23,1.5,36.8,83.8,2767,5.8,-44.1,9.7,4.2,1.5,87.4,1899,-17,-27.7,19.3,1.3,
Kluber, Corey,446372,2018,32,33,215.0,842,801,179,118,32,4,25,222,34,26.4,4.0,.223,.367,.257,.624,69,75,20,7,2.89,.223,71,90.5,2425,-6.5,-26,12.8,2.4,22.5,83.8,2607,15.2,-38.2,15.6,1.5,6.6,85.2,1751,-12.3,-34.1,13.4,1.4,
Shields, James,448306,2018,37,34,204.2,871,775,190,113,41,2,34,154,78,17.7,9.0,.245,.435,.318,.753,103,115,7,16,4.53,.245,62,88.2,2281,-4.2,-25.6,12.8,2.3,19.7,78.2,2478,6.3,-49.5,8.2,1.6,18.2,83.4,1665,-14.5,-32.4,16.1,1.2,
Morton, Charlie,450203,2018,35,30,167.0,695,609,130,82,27,3,18,201,64,28.9,9.2,.213,.356,.302,.658,58,63,15,3,3.13,.213,64.4,94.9,2213,-13.8,-21.7,17.6,2.8,29.3,79.7,2923,17.8,-56,21.1,1.3,6.3,87.3,2122,-18.7,-32.8,19.2,1.5,
Lester, Jon,452657,2018,34,32,181.2,761,681,174,120,27,3,24,149,64,19.6,8.4,.256,.410,.321,.730,67,75,18,6,3.32,.256,75,90,2269,4.9,-20.6,15.2,2,15.7,74.8,2571,-11.9,-56,13.2,1.9,9.2,84.9,1805,14,-32.4,15.2,1.3,
LeBlanc, Wade,453281,2018,34,32,162.0,662,614,151,94,32,1,24,130,40,19.6,6.0,.246,.419,.293,.712,67,74,9,5,3.72,.246,61.1,85,1940,7.5,-26.8,15.3,2,9.1,72.6,2205,-11.8,-61.1,13.8,1.3,29.8,77.7,1522,13.9,-39,15.6,1.4,
Scherzer, Max,453286,2018,34,33,220.2,866,797,150,86,36,5,23,300,51,34.6,5.9,.188,.332,.246,.578,62,66,18,7,2.53,.188,59.8,93.4,2477,-8.8,-19,16.2,2.8,24.5,83,2427,4.8,-42,6.2,3.9,15.7,83.9,1457,-15.1,-37.7,15.4,1.4,
Arrieta, Jake,453562,2018,32,31,172.2,724,649,165,109,34,1,21,138,57,19.1,7.9,.254,.407,.316,.723,76,93,10,11,3.96,.254,55.5,93,2243,-15.3,-22,18.6,1.3,33.9,86.8,2559,7.8,-37.2,11.2,4.7,10.6,88,1650,-14.7,-33.1,15.7,1.4,
Price, David,456034,2018,33,30,176.0,722,657,151,94,28,4,25,177,50,24.5,6.9,.230,.399,.292,.691,70,75,16,7,3.58,.230,74.9,91.2,2179,8.7,-22.6,15.4,2.6,2.9,79.1,2207,-7.2,-47.1,8.3,1.5,22.2,85.3,1719,15.9,-32.3,17.2,1.6,
Happ, J.A.,457918,2018,36,31,177.2,733,668,150,95,27,1,27,193,51,26.3,7.0,.225,.389,.286,.676,72,81,17,6,3.65,.225,73.3,91.9,2297,8.5,-16.6,19,1.6,14.4,84.2,2180,-2.7,-35.3,7,3.7,12.3,86,1619,14.3,-30,16.7,1.4,
Gonzalez, Gio,461829,2018,33,32,171.0,746,652,167,109,40,1,17,148,80,19.8,10.7,.256,.399,.334,.733,80,84,10,11,4.21,.256,56.8,89.8,2177,12.6,-21.7,18.6,1.6,20.3,75.7,2713,-12.9,-65.5,20.3,1.5,23,82.8,1629,13.5,-34.1,15.2,1.4,
Chacin, Jhoulys,468504,2018,30,35,192.2,796,697,153,98,32,5,18,156,71,19.6,8.9,.220,.357,.295,.652,75,83,15,8,3.50,.220,47.7,90.1,2056,-13.7,-25.7,17.3,1.5,45.3,79.3,2367,13.3,-43.2,13.8,1.8,7,85.1,1533,-9.3,-33.8,11.2,2.3,
Carrasco, Carlos,471911,2018,31,32,192.0,784,726,173,115,31,6,21,231,43,29.5,5.5,.238,.384,.283,.667,72,78,17,10,3.38,.238,44.6,93.5,2309,-13.2,-19.7,18.2,1.5,39.1,83.4,2680,4.5,-43,6.1,2.1,16.3,88,1507,-10.7,-35.7,11.1,1.6,
Quintana, Jose,500779,2018,29,32,174.1,739,658,162,102,32,3,25,158,68,21.4,9.2,.246,.418,.315,.733,78,81,13,11,4.03,.246,68.3,91.5,2008,7.1,-17.3,17.1,1.1,24.9,76.1,2176,-7.6,-58,12.6,1.1,6.8,86.3,1275,10.2,-29.9,12.7,1.2,
Gibson, Kyle,502043,2018,31,32,196.2,826,733,177,121,30,3,23,179,79,21.7,9.6,.241,.385,.315,.699,79,88,10,13,3.62,.241,57.7,93,2140,-10.7,-17.9,17.7,1.5,31.3,83.9,2472,5.2,-41.6,7.1,2.8,11,85.6,1696,-13.7,-31.2,14.9,1.3,
Leake, Mike,502190,2018,31,31,185.2,784,739,207,135,44,5,23,119,34,15.2,4.3,.280,.447,.315,.762,90,98,10,10,4.36,.280,59.4,88.2,2083,-8.3,-31.2,12.1,1.7,21.9,79.4,2504,12.1,-50,13.1,1.8,18.7,83.7,1769,-14.4,-40.8,14.7,1.6,
Holland, Derek,502706,2018,32,36,171.1,727,640,154,90,42,3,19,169,67,23.2,9.2,.241,.405,.309,.714,68,74,7,9,3.57,.241,56.9,91.5,2353,14.9,-19.6,20.5,1.2,34.3,80,2141,0.1,-41,4.4,1.8,8.8,82.9,2125,12,-26.4,18.8,1.3,
Porcello, Rick,519144,2018,30,33,191.1,808,735,177,118,29,3,27,190,48,23.5,5.9,.241,.399,.298,.697,91,97,17,7,4.28,.241,49.8,90.4,2385,-13,-21.8,18.7,1.6,38.4,81.9,2653,7.5,-42.6,11.4,6.3,11.7,81.4,1760,-15.8,-35.9,17.1,1.3,
Teheran, Julio,527054,2018,27,31,175.2,724,623,122,67,25,4,26,162,84,22.4,11.6,.196,.374,.297,.671,77,80,9,9,3.94,.196,61.9,89.7,2272,-10.2,-22.9,16.3,1.9,28.5,78.4,2607,7.3,-46.3,8.1,4.2,9.5,82.6,1615,-14.6,-33,16.5,1.8,
Anderson, Tyler,542881,2018,29,32,176.0,737,665,165,96,35,4,30,164,59,22.3,8.0,.248,.448,.308,.756,89,94,7,9,4.55,.248,73.3,90.2,2330,4.4,-20.3,15.3,2.8,3.8,73.7,2336,-4.1,-62.6,11.2,2.4,22.9,81.2,1901,11.2,-30.5,16.4,1.7,
Cole, Gerrit,543037,2018,28,32,200.1,799,723,143,86,36,2,19,276,64,34.5,8.0,.198,.332,.268,.600,64,68,15,5,2.88,.198,56.4,96.5,2372,-11.6,-12.9,20.6,1.4,39.2,85.7,2706,8.7,-42,11.9,3.9,4.5,87.7,1667,-14.5,-24.5,18.5,1.7,
Hendricks, Kyle,543294,2018,29,33,199.0,812,745,184,126,31,5,22,161,44,19.8,5.4,.247,.391,.292,.682,76,82,14,11,3.44,.247,61.8,86.8,1983,-10,-24.9,16.6,1.1,7.6,71.8,2795,14.9,-67.7,19.3,1.3,30.6,78.6,2090,-11.2,-33.4,16.7,1,
Odorizzi, Jake,543606,2018,28,32,164.1,711,625,151,85,41,5,20,162,70,22.8,9.8,.242,.419,.322,.741,82,89,7,10,4.49,.242,56.5,90.9,2253,-9.5,-17.3,19.6,1.7,25.9,81.3,2219,7.2,-40.1,10.9,5,17.7,84.2,1605,-11.9,-31.6,14.6,1.3,
Roark, Tanner,543699,2018,32,31,180.1,760,690,181,122,32,3,24,146,50,19.2,6.6,.262,.422,.317,.739,87,90,9,15,4.34,.262,61.4,91.3,2069,-11.3,-19,19,1.5,26.7,79.6,2527,8.8,-50.3,14.3,5.9,11.9,83.4,1731,-14,-29.6,17.9,1.2,
Bauer, Trevor,545333,2018,27,28,175.1,717,645,134,93,30,2,9,221,57,30.8,7.9,.208,.302,.279,.581,43,51,12,6,2.21,.208,52.5,93,2373,-6.2,-19.1,16.2,3.8,40.5,80.1,2623,10.1,-56.8,18.2,2.3,7,87,1852,-15.7,-29.3,17.4,1.5,
Wheeler, Zack,554430,2018,28,29,182.1,744,668,150,115,20,1,14,179,55,24.1,7.4,.225,.320,.288,.608,67,69,12,7,3.31,.225,57.5,95.9,2291,-10.5,-13.8,18.8,1.7,29.8,86.7,2415,3.9,-36.2,9.6,6.5,12.8,89.1,1631,-12.1,-24.6,15.8,2,
Urena, Jose,570632,2018,27,31,174.0,712,640,155,106,28,2,19,130,51,18.3,7.2,.242,.381,.306,.687,77,78,9,12,3.98,.242,57.7,95.8,2125,-15.4,-19,19.3,1.2,23.4,86.2,2244,0.5,-29.7,9,2.1,19,89.9,1813,-15.1,-23.3,18.9,1.6,
Boyd, Matthew,571510,2018,27,31,170.1,709,639,146,85,33,1,27,159,51,22.4,7.2,.228,.410,.293,.703,83,87,9,13,4.39,.228,48.8,90.4,2281,10.6,-19.5,18.4,2.2,43.2,78.1,2308,-5.8,-46.2,7.6,4.6,8,78.6,1760,10.3,-34.6,14.8,2.1,
Corbin, Patrick,571578,2018,29,33,200.0,800,742,162,104,43,0,15,246,48,30.8,6.0,.218,.337,.269,.606,70,70,11,7,3.15,.218,48.6,90.8,2236,11.7,-20.4,18,1.8,50.3,80,2333,-3.1,-44.8,3.9,4.4,1.1,81,1710,11.3,-31.1,16.1,1.7,
Fiers, Mike,571666,2018,33,31,172.0,714,666,166,99,32,3,32,139,37,19.5,5.2,.249,.450,.296,.746,68,71,12,8,3.56,.249,48.5,89.4,2294,-9.5,-16.9,20.7,1.8,33.3,79.1,2571,6,-49.1,16.3,7.6,18.3,83.3,1894,-15.7,-33.6,17.5,1.9,
Heaney, Andrew,571760,2018,27,30,180.0,749,689,171,110,31,3,27,180,45,24.0,6.0,.248,.419,.299,.719,83,91,9,10,4.15,.248,58.2,91.9,2467,14,-18.8,20.3,1.7,25.2,78.6,2383,-5,-50,6.5,2,16.6,83.3,1931,16.5,-33,18.3,1.5,
Mikolas, Miles,571945,2018,30,32,200.2,808,760,186,142,24,4,16,146,29,18.1,3.6,.245,.350,.275,.625,63,70,18,4,2.83,.245,48.3,93.9,2268,-8.6,-18.5,15.9,1.5,47.2,83.7,2476,6.1,-45.2,11,5.5,4.4,88.4,1680,-14.5,-28.1,16.6,1.7,
Keuchel, Dallas,572971,2018,30,34,204.2,874,802,211,144,48,1,18,153,58,17.5,6.6,.263,.393,.310,.703,85,92,12,11,3.74,.263,68.8,88.6,2090,5.4,-26.4,12.5,1.9,18.4,78.7,2190,-10.2,-48.6,11.6,2,12.8,79.6,1544,13.7,-35.6,15.8,1.4,
Foltynewicz, Mike,592314,2018,27,31,183.0,744,666,130,83,25,5,17,202,68,27.2,9.1,.195,.324,.274,.599,58,65,13,10,2.85,.195,56.5,96.4,2320,-10.3,-14.9,18.8,1.8,37.4,84.9,2513,4.4,-37.9,6.3,4.2,6.2,87.8,1909,-14.5,-24.6,18.5,1.9,
Gausman, Kevin,592332,2018,27,31,183.2,776,715,189,121,39,3,26,148,50,19.1,6.4,.264,.436,.317,.753,80,85,10,11,3.92,.264,58.5,93.6,2168,-11.3,-16.1,19.4,2.1,14.4,81.4,2210,1.9,-40.4,3.5,2.5,27.2,82.6,1478,-13.8,-35.9,15.1,1.8,
Gray, Jon,592351,2018,27,31,172.1,743,677,180,113,36,4,27,183,52,24.6,7.0,.266,.451,.320,.771,98,102,12,9,5.12,.266,49.7,94.7,2014,-8.5,-17.2,15.9,1.4,48.7,85.3,2265,3.4,-35,7.7,4.6,1.6,86.3,1557,-8.9,-24.7,14.5,1.6,
Taillon, Jameson,592791,2018,27,32,191.0,785,727,179,123,31,5,20,179,46,22.8,5.9,.246,.385,.294,.679,68,69,14,10,3.20,.246,57.3,95.2,2302,-7.5,-16.6,16.5,1.1,38.1,85.9,2527,7.8,-41.9,12.9,4.5,4.5,87.9,1709,-9.2,-26.5,13.6,1.6,
Williams, Trevor,592866,2018,26,31,170.2,701,632,146,95,33,3,15,126,55,18.0,7.8,.231,.364,.292,.656,59,64,14,10,3.11,.231,69.4,90.4,2094,-6.9,-20.7,15.1,1.9,15.3,81.4,2199,6.8,-41.5,7.1,1.7,15.3,83.2,1681,-14,-31,16.3,1.4,
deGrom, Jacob,594798,2018,30,32,217.0,835,776,152,112,27,3,10,269,46,32.2,5.5,.196,.277,.243,.520,41,48,10,9,1.70,.196,51.7,95.9,2343,-5.6,-14,16.6,1.5,32.2,88.9,2512,4.6,-31.2,7.3,4.3,16.1,88.9,1701,-12.6,-28.4,14.1,1.5,
Gonzales, Marco,594835,2018,26,29,166.2,686,643,172,114,39,2,17,145,32,21.1,4.7,.267,.414,.306,.720,74,76,13,9,4.00,.267,54.6,88.9,2296,7.2,-22,16.4,2,22.3,78.1,2450,-7.8,-59.6,15.4,1.2,23.1,83.6,2206,17.4,-31.5,19.4,1.1,
Junis, Jakob,596001,2018,26,30,177.0,758,688,182,119,27,4,32,164,43,21.6,5.7,.265,.455,.317,.772,86,94,9,12,4.37,.265,53.3,91,2007,-9.7,-22.4,15.6,1.4,40.8,81.7,2456,14.4,-45.8,15.1,1.8,5.9,84.7,1488,-9.1,-33.8,11,1.7,
Pivetta, Nick,601713,2018,25,33,164.0,694,624,163,112,25,2,24,188,51,27.1,7.3,.261,.423,.316,.739,87,91,7,14,4.77,.261,58.9,94.8,2257,-9.6,-13.5,19.5,1.3,38.8,82.1,2692,10.8,-49,14.7,3.5,2.2,87.1,1856,-14.8,-27.1,17.3,1.4,
Bundy, Dylan,605164,2018,26,31,171.2,750,685,188,104,39,4,41,184,54,24.5,7.2,.274,.523,.331,.853,104,116,8,16,5.45,.274,55.8,91.6,2396,-7.8,-14.6,20.7,1.3,34,79.6,2414,5.4,-48.9,7.8,3.6,10.2,83.7,1740,-12.4,-28.2,17.5,1.6,
Clevinger, Mike,605182,2018,28,32,200.0,810,737,164,104,36,3,21,207,67,25.6,8.3,.223,.365,.290,.655,67,71,13,8,3.02,.223,52.9,93.6,2298,-7.8,-14.8,18,1.7,33,78,2317,14.8,-48.2,16.6,2.6,14.1,87.6,1500,-14,-26.9,16.4,1.7,
Nola, Aaron,605400,2018,25,33,212.1,831,756,149,99,31,2,17,224,58,27.0,7.0,.197,.311,.258,.568,56,57,17,6,2.37,.197,49.3,92.4,2101,-13.7,-20.6,18,1.6,30.9,78,2545,16.4,-56.1,19.5,1.5,19.8,84.8,1478,-14.7,-36.1,14.9,1.6,
Snell, Blake,605483,2018,26,31,180.2,700,630,112,68,27,1,16,221,64,31.6,9.1,.178,.300,.253,.553,38,41,21,5,1.89,.178,51.5,95.8,2364,4.7,-11.6,18.7,1.4,29.3,83.4,2481,-5.7,-47.5,11,3.9,19.2,87.5,1777,13.3,-23.4,18.1,1.4,
Freeland, Kyle,607536,2018,25,33,202.1,844,757,182,133,26,6,17,173,70,20.5,8.3,.240,.358,.306,.664,64,64,17,7,2.85,.240,52.4,91.5,2253,8,-22.4,13.4,1.6,33.9,85,2197,-2.8,-34,5.4,3.1,13.7,85.5,1393,11.3,-32.4,12.6,1.4,
Giolito, Lucas,608337,2018,24,32,173.1,775,664,166,95,40,4,27,125,90,16.1,11.6,.250,.444,.350,.794,118,123,10,13,6.13,.250,59.5,92.4,2066,-10.4,-17.9,18.1,1.6,24.9,81.7,2155,5,-46,9.5,3.3,15.7,81.7,1651,-10.9,-32,14.4,1.5,
Marquez, German,608566,2018,23,33,196.0,817,742,179,118,30,7,24,230,57,28.2,7.0,.241,.398,.299,.696,82,90,14,11,3.77,.241,55,95.2,2198,-7.4,-18,15.7,1.7,38.6,83.5,2550,4.4,-45.1,7.4,3.2,6.4,85.7,1730,-11.7,-29.7,15.4,1.9,
Berrios, Jose,621244,2018,24,32,192.1,797,717,159,102,31,1,25,202,61,25.3,7.7,.222,.372,.292,.665,82,83,12,11,3.84,.222,60.4,93.2,2183,-12.9,-18.7,18.9,1.4,30.5,81.7,2360,15.4,-43.9,15.7,1.8,9.1,83.7,1633,-14.6,-35.5,15.3,1.8,
Castillo, Luis,622491,2018,26,31,169.2,708,645,158,94,36,0,28,165,49,23.3,6.9,.245,.431,.299,.730,81,89,10,12,4.30,.245,57.2,95.7,2165,-15.3,-19.9,19.3,1.5,16.4,83.6,2206,0.2,-40.9,2.5,2.1,26.4,86.2,1931,-16.8,-34.8,17.3,1.5,
Severino, Luis,622663,2018,24,32,191.1,780,726,173,112,39,3,19,220,46,28.2,5.9,.238,.379,.287,.666,72,76,19,8,3.39,.238,50.5,97.6,2365,-6.4,-12.6,17.7,1.3,36,88.1,2872,10.1,-38.3,10.6,1.7,13.6,88.1,1648,-11.8,-24.6,16.1,2.6,
Lopez, Reynaldo,625643,2018,24,32,188.2,799,705,165,102,34,4,25,151,75,18.9,9.4,.234,.400,.313,.713,82,88,7,10,3.91,.234,60.8,95.5,2102,-9.9,-15.5,17.9,1.9,23.7,81.9,2105,3.6,-40.1,5.7,4.3,15.5,83.6,1541,-12.3,-30.2,15.7,2.1,
Godley, Zack,643327,2018,28,33,178.1,791,682,177,125,32,4,16,185,81,23.4,10.2,.260,.389,.341,.730,94,103,15,11,4.74,.260,54.4,89.5,2219,-9.5,-27.7,13.9,1.4,40.3,81.4,2178,3.5,-52.5,10.5,1.2,5.3,81.1,1287,-8.4,-41.6,9,1.3,
Newcomb, Sean,656794,2018,25,31,164.0,696,607,137,94,21,4,18,160,81,23.0,11.6,.226,.362,.315,.677,71,74,12,9,3.90,.226,62.3,93,2179,6.7,-15.7,18.3,1.7,18.6,77.6,2683,-9.6,-62.9,18.4,2.6,19.2,86.3,1619,11.9,-28.1,15.4,1.7,
Colon, Bartolo,112526,2015,42,33,194.2,815,771,217,149,41,2,25,136,24,16.7,2.9,.281,.437,.301,.738,90,94,14,13,4.16,.281,82.4,88.9,2161,-13.8,,19.7,2.5,10,82.8,2164,0,,7,1.8,7.6,82.6,1727,-14.4,,18.6,2.4,
Burnett, A.J.,150359,2015,38,26,164.0,699,633,174,134,24,5,11,143,49,20.5,7.0,.275,.381,.335,.715,58,64,9,7,3.18,.275,61.8,91.6,2009,-13.3,,17.6,1.3,29.4,82.3,2023,5.5,,8.6,1.5,8.8,86.3,1678,-12.5,,14.3,1.8,
Buehrle, Mark,279824,2015,36,32,198.2,827,768,214,140,46,6,22,91,33,11.0,4.0,.279,.440,.307,.747,84,100,15,8,3.81,.279,70.5,82.9,1996,3.6,,13.8,2.8,8.5,71.8,2137,-8.6,,10.7,2,21,78.8,1624,12.3,,15.9,1.7,
Sabathia, CC,282332,2015,35,29,167.1,726,659,188,134,22,4,28,137,50,18.9,6.9,.285,.458,.336,.794,88,92,6,10,4.73,.285,63.4,90.2,2075,11,,19,2.1,22.5,79.6,1823,-11,,12,1.5,14.1,83.9,1950,9.7,,15.6,1.2,
Dickey, R.A.,285079,2015,41,33,214.1,884,798,195,125,37,8,25,126,61,14.3,6.9,.244,.405,.302,.707,93,97,11,11,3.91,.244,11.2,82.3,1810,-14.5,,19.2,1.4,88.8,76.8,1359,-2.5,,10.2,3.2,,,,,,,,
Lackey, John,407793,2015,37,33,218.0,896,824,211,156,32,2,21,175,53,19.5,5.9,.256,.376,.299,.675,67,71,13,10,2.77,.256,87.6,90.2,2139,-8.5,,15.8,4.3,9.7,78.6,2077,4.7,,7.5,2.5,2.7,84.3,1956,-17.4,,20.2,2.3,
Lewis, Colby,407890,2015,36,33,204.2,861,793,211,137,44,4,26,142,42,16.5,4.9,.266,.430,.307,.737,106,114,17,9,4.66,.266,50.2,88.5,2272,-9.3,,23.1,1.5,43.1,82,2078,4.3,,9,3,6.8,83.8,1961,-12.6,,21.4,1.4,
Harang, Aaron,421685,2015,37,29,172.1,748,681,189,121,31,11,26,108,51,14.4,6.8,.278,.470,.329,.799,93,100,6,15,4.86,.278,67.8,89.8,2301,-13.2,,23.1,1.9,22,80.1,2005,0.4,,6.1,4,10.2,84.1,1640,-14.2,,19.2,1.3,
Greinke, Zack,425844,2015,32,32,222.2,843,790,148,109,22,3,14,200,40,23.7,4.7,.187,.276,.229,.505,41,43,19,3,1.66,.187,53.5,92.3,2367,-5.8,,19,1.6,28.1,83.2,2371,5.7,,9.4,7.2,18.4,88.7,1741,-12.8,,14.1,1.9,
Haren, Dan,429717,2015,35,32,187.1,768,709,174,97,44,2,31,132,38,17.2,4.9,.245,.444,.286,.731,75,79,11,9,3.60,.245,82.2,85.2,2162,-4.7,,18,2,14.4,76.8,2212,5.5,,7.6,1.8,3.4,81.7,1383,-9.2,,14.6,1.3,
Simon, Alfredo,430580,2015,34,31,187.0,820,729,201,120,47,10,24,117,68,14.3,8.3,.276,.466,.338,.804,105,112,13,12,5.05,.276,56,92.7,2120,-11.9,,19.6,2.6,9.1,77.4,2169,7.2,,10.1,2.4,34.8,85.2,1566,-13.3,,16.4,2.7,
Hamels, Cole,430935,2015,32,32,212.1,880,800,190,131,35,2,22,215,62,24.4,7.0,.238,.369,.298,.666,86,88,13,8,3.65,.238,64.1,92.3,2082,8.5,,19.3,2.4,12.2,78.8,2235,-7.9,,12.6,1.8,23.7,84.9,1721,13.2,,18.9,1.3,
Kazmir, Scott,431148,2015,31,31,183.0,763,684,162,111,28,3,20,155,59,20.3,7.7,.237,.374,.301,.676,63,77,7,11,3.10,.237,70.5,91.1,2189,10.7,,21.7,2.8,11.5,79.7,1869,0.9,,5.4,3,18,76.4,1388,14.9,,17.9,2.4,
Danks, John,433579,2015,30,30,177.2,768,695,195,119,47,5,24,124,56,16.1,7.3,.281,.466,.331,.797,93,104,7,15,4.71,.281,58.2,89.2,2345,7.7,,22,2.4,12.6,76.3,1783,-5.3,,7,2.4,29.1,81.5,1786,13.1,,20.2,1.7,
Hernandez, Felix,433587,2015,29,31,201.2,826,750,180,125,27,5,23,191,58,23.1,7.0,.240,.381,.299,.680,79,80,18,9,3.53,.240,46.7,92.3,1923,-12.3,,16.8,1.6,28.1,81.7,2356,7.7,,13.5,2.4,25.3,88.5,1779,-12.3,,13.3,1.4,
Liriano, Francisco,434538,2015,32,31,186.2,773,695,155,112,25,3,15,205,70,26.5,9.1,.223,.332,.298,.630,70,75,12,7,3.38,.223,46.9,93,2027,13.3,,18.8,1.6,32.7,85.5,2055,-2.2,,6.5,2.3,20.3,85,1784,14.3,,17.3,1.4,
Jimenez, Ubaldo,434622,2015,31,32,184.0,791,707,182,128,29,5,20,168,68,21.2,8.6,.257,.397,.330,.727,84,89,12,10,4.11,.257,63.7,91,2060,-12.8,,21.6,1.9,19.5,81.9,2282,7.4,,12.1,4.1,16.8,84.7,1440,-11.7,,15.7,1.8,
Hammel, Jason,434628,2015,33,31,170.2,710,654,158,91,37,7,23,172,40,24.2,5.6,.242,.425,.287,.712,71,79,10,7,3.74,.242,53.6,92.8,2147,-11.3,,21.6,1.2,41.9,83.8,2072,4,,6.7,3.7,4.5,85.6,1715,-15,,19.2,1.2,
Kluber, Corey,446372,2015,29,32,222.0,886,819,189,120,45,2,22,245,45,27.7,5.1,.231,.371,.277,.648,86,92,9,16,3.49,.231,53,93.4,2253,-10.6,,19.2,1.5,42.2,86.9,2438,8,,11.4,3.5,4.8,85.6,1743,-12.7,,15.7,1.6,
Shields, James,448306,2015,34,33,202.1,860,763,189,107,43,6,33,216,81,25.1,9.4,.248,.450,.324,.774,88,93,13,7,3.91,.248,59.4,90,2258,-5.7,,16.8,3.1,19.2,78.7,2442,7.4,,10.7,2.5,21.4,84.9,1737,-13.4,,17.3,1.5,
Volquez, Edinson,450172,2015,32,34,200.1,850,758,190,134,36,4,16,155,72,18.2,8.5,.251,.372,.318,.690,79,89,13,9,3.55,.251,51.2,94.3,2308,-16.5,,22.6,1.5,23.7,81,2631,7,,9.8,2,25.1,85.2,1280,-13.9,,15.1,1.5,
Gallardo, Yovani,451596,2015,29,33,184.1,793,720,193,137,33,8,15,121,68,15.3,8.6,.268,.399,.330,.729,70,76,13,11,3.42,.268,50.5,91.1,2085,-6.8,,20.9,1.3,43.6,85.5,2225,4,,11.6,4.5,5.9,85.7,1889,-13,,20.4,1.7,
Lester, Jon,452657,2015,31,32,205.0,828,764,183,119,42,6,16,207,47,25.0,5.7,.240,.373,.286,.659,76,83,11,12,3.34,.240,79.8,91.2,2213,4.4,,16.5,2.6,15.4,75.5,2360,-11.1,,11.9,2.3,4.8,85.1,1653,12.7,,15.9,1.6,
Kennedy, Ian,453178,2015,31,30,168.1,713,644,166,85,39,11,31,174,52,24.4,7.3,.258,.497,.316,.812,80,95,9,15,4.28,.258,62.1,91.9,2359,-11.5,,22.7,1.4,23.2,80.4,2264,5.7,,12.3,4.4,14.7,83.9,1880,-14,,18.8,1.2,
Scherzer, Max,453286,2015,31,33,228.2,899,847,176,106,40,3,27,276,34,30.7,3.8,.208,.358,.239,.597,71,74,14,12,2.79,.208,60.8,94.7,2493,-14.8,,21.7,2,26.1,84.6,2209,0.7,,5.5,3.7,13.1,85.4,1474,-16.6,,17.5,1.5,
Arrieta, Jake,453562,2015,29,33,229.0,870,811,150,104,32,4,10,236,48,27.1,5.5,.185,.271,.234,.506,45,52,22,6,1.77,.185,51.1,95.3,2273,-13.6,,21,1.3,44.2,87.5,2411,4.9,,10.9,5.5,4.6,89.5,1944,-18.3,,19.5,1.3,
Price, David,456034,2015,30,32,220.1,888,826,190,129,40,4,17,225,47,25.3,5.3,.230,.350,.270,.620,60,70,18,5,2.45,.230,69.3,93.7,2216,8.9,,20,2.9,8.1,80.2,2045,-10.9,,11.9,1.8,22.6,85.8,1975,15.9,,20.4,1.5,
Cueto, Johnny,456501,2015,29,32,212.0,866,803,194,124,44,5,21,176,46,20.3,5.3,.242,.387,.286,.674,81,87,11,13,3.44,.242,72.9,91.8,2264,-10,,18.7,2.9,10.6,83.4,2098,1.3,,6.6,2.6,16.5,84,1558,-12.3,,14.3,2,
Happ, J.A.,457918,2015,33,32,172.0,717,668,173,118,38,1,16,151,45,21.1,6.3,.259,.391,.307,.698,69,71,11,8,3.61,.259,67.1,92.4,2339,9.9,,20,1.5,23.9,82.3,2166,-3,,7.7,3.7,9,85.6,1829,14.6,,19.4,1.6,
Lynn, Lance,458681,2015,28,31,175.1,751,667,172,122,33,4,13,167,68,22.2,9.1,.258,.378,.326,.704,59,66,12,11,3.03,.258,84.9,92.4,2349,-12.3,,18.6,2,12.6,83.7,2201,1.5,,9.7,5,2.5,84.9,1903,-15.2,,17.5,2.1,
Pelfrey, Mike,460059,2015,31,30,164.2,714,651,198,150,36,1,11,86,45,12.0,6.3,.304,.413,.357,.770,78,86,6,11,4.26,.304,73.3,93.9,1909,-14.2,,19,1.6,12.6,81.4,1852,2.8,,8.2,5.5,14.1,81.4,781,-8.7,,10.2,1.9,
Gonzalez, Gio,461829,2015,30,31,175.2,758,673,181,134,31,8,8,169,69,22.3,9.1,.269,.374,.335,.710,74,79,11,8,3.79,.269,65.5,92.6,2204,13.5,,20.7,1.3,18.4,78.7,2814,-10.8,,16.9,1.4,16.1,84.5,1672,14.4,,16.7,1.4,
Estrada, Marco,462136,2015,32,34,181.0,725,659,134,81,24,5,24,131,55,18.1,7.6,.203,.364,.268,.632,63,67,13,8,3.13,.203,61.1,89.7,2352,-6,,24.1,1.2,10.9,77.8,2580,7.9,,12.9,1.6,28,79.1,2091,-12.1,,23.3,1.4,
Carrasco, Carlos,471911,2015,28,30,183.2,730,675,154,100,31,5,18,216,43,29.6,5.9,.228,.369,.277,.646,74,75,14,12,3.63,.228,55.7,95.2,2231,-14.1,,20.5,1.6,23.2,86.8,2284,1,,7.5,2.9,21.1,89,1734,-10.2,,12.6,1.8,
Anderson, Brett,474463,2015,27,31,180.1,750,697,194,147,26,3,18,116,46,15.5,6.1,.278,.402,.323,.724,74,82,10,9,3.69,.278,52.7,91.2,1806,10.5,,16.2,1.5,37.8,80.6,2288,-6,,11.1,3.5,9.5,83.9,1544,11.6,,15.6,1.4,
Ross, Tyson,475115,2015,28,33,196.0,823,725,172,129,28,6,9,212,84,25.8,10.2,.237,.330,.321,.650,71,78,10,12,3.26,.237,53.2,93.5,2469,-10.6,,17.1,1.5,45.1,87.2,2427,1.9,,5.7,2,1.7,89.4,2233,-11,,17,1.4,
Niese, Jonathon,477003,2015,29,33,176.2,770,686,192,136,33,3,20,113,55,14.7,7.1,.280,.424,.332,.757,81,93,9,10,4.13,.280,69.4,89.1,2017,8.7,,15.4,1.8,17.6,75.7,2163,-5.6,,8.5,2.8,13,83.3,1347,12.6,,15.2,1.6,
Kershaw, Clayton,477132,2015,27,33,232.2,890,839,163,120,26,2,15,301,42,33.8,4.7,.194,.284,.236,.520,55,62,16,7,2.13,.194,54,94.2,2216,0,,21.6,1.2,45.8,82.8,2183,-4.5,,12.5,8.2,0.2,88.3,2001,8.7,,19.7,1.5,
Cashner, Andrew,488768,2015,29,31,184.2,804,718,200,135,40,6,19,165,66,20.5,8.2,.279,.430,.338,.769,89,111,6,16,4.34,.279,67.9,95.4,2176,-12.8,,20.9,2.1,22.6,85.6,2033,1.8,,6.6,2.8,9.4,86.3,1639,-13.1,,17.6,1.6,
Miley, Wade,489119,2015,29,32,193.2,831,758,201,127,51,6,17,147,64,17.7,7.7,.265,.416,.324,.739,96,98,11,11,4.46,.265,57.1,91.4,2175,10.3,,22.1,1.6,23.4,82.4,2178,-2.5,,6.9,4.6,19.5,83.6,1956,15.5,,21.3,1.6,
Quintana, Jose,500779,2015,26,32,206.1,862,802,218,148,47,7,16,177,44,20.5,5.1,.272,.408,.313,.721,77,81,9,10,3.36,.272,59.5,92,2076,5.9,,20.4,1.4,30.9,80.3,2042,-5,,6.3,1.8,9.6,86.4,1344,10,,18.7,1.5,
Tillman, Chris,501957,2015,27,31,173.0,741,660,176,111,42,3,20,120,64,16.2,8.6,.267,.430,.331,.761,96,97,11,11,4.99,.267,65,92,2260,-7.7,,23.2,1.7,21.4,79.3,2113,6,,14,5.7,13.6,83.3,1591,-10.5,,19.5,1.8,
Archer, Chris,502042,2015,27,34,212.0,868,795,175,125,31,0,19,252,66,29.0,7.6,.220,.331,.281,.612,76,85,12,13,3.23,.220,53.8,95.8,2187,-5.8,,22.8,1.5,39.5,88.4,1935,5.4,,7.3,2.1,6.8,86.4,1914,-12.4,,18.4,1.8,
Gibson, Kyle,502043,2015,28,32,194.2,821,737,186,127,41,0,18,145,65,17.7,7.9,.252,.381,.314,.696,83,88,11,11,3.84,.252,58.2,92.3,2147,-13,,20.3,1.7,22.7,84.8,2152,2.5,,6.8,2.4,19.1,84.3,1695,-14.9,,17,1.3,
Locke, Jeff,502046,2015,28,30,168.1,736,654,179,130,32,2,15,129,60,17.5,8.2,.274,.398,.334,.732,84,95,8,11,4.49,.274,61.4,91.9,2000,12.9,,20,1.5,15.9,80,1750,-6.6,,9.8,2.4,22.7,81.7,1373,8.9,,15.1,1.6,
Samardzija, Jeff,502188,2015,30,32,214.0,910,836,228,150,40,9,29,163,49,17.9,5.4,.273,.446,.318,.764,118,122,11,13,4.96,.273,63.7,94.1,2461,-13,,20.1,2,26.4,85.8,2147,-0.3,,6.3,2.4,9.9,85.8,1326,-13.6,,17.7,1.8,
Leake, Mike,502190,2015,28,30,192.0,778,717,174,113,36,3,22,119,49,15.3,6.3,.243,.393,.290,.684,79,80,11,10,3.70,.243,70.4,91.2,2108,-9.3,,13.3,1.4,22.7,80.9,2468,10.7,,12.8,1.7,6.9,86.1,1683,-14.7,,17.5,1.4,
Santiago, Hector,502327,2015,28,33,180.2,776,687,156,87,37,3,29,162,71,20.9,9.1,.227,.416,.305,.722,72,80,9,9,3.59,.227,72.2,90.2,2195,10.4,,22,2.7,11.2,77.7,1900,-4.5,,6.6,3.6,16.6,83.5,1945,15.6,,21,1.6,
Salazar, Danny,517593,2015,25,30,185.0,757,690,156,98,28,7,23,195,53,25.8,7.0,.226,.387,.285,.672,71,79,14,10,3.45,.226,68.4,95.5,2335,-12,,22,1.7,12.9,84,2008,1.4,,9.4,3.3,18.8,86.1,1274,-9.1,,13,2.1,
Bumgarner, Madison,518516,2015,26,32,218.1,869,814,181,125,30,5,21,234,39,26.9,4.5,.222,.349,.261,.610,71,73,18,9,2.93,.222,49.2,92.7,2311,6.6,,18.8,1.2,48.7,83.4,2227,-5.6,,9.9,5.5,2.1,85.5,1626,12.9,,17.5,1.5,
Harvey, Matt,518774,2015,26,29,189.1,755,703,156,109,26,3,18,188,37,24.9,4.9,.222,.344,.262,.606,57,62,13,8,2.71,.222,61,96.6,2332,-13,,21.6,1.5,26.8,87.5,2239,-0.3,,6.1,3.7,12.1,89,1948,-16.1,,19.9,1.6,
Heston, Chris,518790,2015,27,31,177.2,746,667,169,111,36,6,16,141,64,18.9,8.6,.253,.397,.330,.727,78,82,12,11,3.95,.253,60.8,89.5,2064,-16.3,,18.6,1.4,27.3,75.8,2199,12,,13.6,2.2,11.9,82.7,1932,-15.4,,16.5,1.5,
Nelson, Jimmy,519076,2015,26,30,177.1,752,663,163,111,32,2,18,148,65,19.7,8.6,.246,.382,.320,.702,81,89,11,13,4.11,.246,60.5,94.1,2175,-12.4,,19.4,1.3,38.4,85.4,1990,6,,9.2,3,1.2,85.9,2107,-12.9,,20,1.3,
Porcello, Rick,519144,2015,27,28,172.0,737,682,196,134,35,2,25,149,38,20.2,5.2,.287,.455,.331,.786,94,103,9,15,4.92,.287,65.2,91.6,2437,-11.8,,20.5,1.8,24,80.4,2593,7.6,,14.7,6.6,10.7,82.9,1688,-13.1,,18.1,1.9,
Sale, Chris,519242,2015,26,31,208.2,854,794,185,127,32,3,23,274,42,32.1,4.9,.233,.368,.281,.649,79,88,13,11,3.41,.233,52.4,95.2,2280,17.3,,21.7,2.5,19.6,79.4,2204,-11.1,,11.8,3,28,86.3,2100,19.5,,21.2,2.3,
Zimmermann, Jordan,519455,2015,29,33,201.2,831,774,204,153,25,2,24,164,39,19.7,4.7,.264,.394,.302,.696,82,89,13,10,3.66,.264,62.2,93.7,2328,-9.2,,19.1,1.1,37.4,85.3,2272,2.4,,8.6,4.3,0.4,88.7,2164,-15.6,,19.5,1.8,
De La Rosa, Rubby,523989,2015,26,32,188.2,809,729,193,118,42,1,32,150,63,18.5,7.8,.265,.457,.321,.778,98,103,14,9,4.67,.265,60.5,94.8,2263,-13.5,,20,2.3,18.3,85.5,1905,1.1,,5.7,3,21.2,87,2060,-12.8,,17.4,2.2,
Teheran, Julio,527054,2015,24,33,200.2,843,748,189,127,32,3,27,171,73,20.3,8.7,.253,.412,.321,.733,90,99,11,8,4.04,.253,61.3,91.8,2197,-12.5,,19.4,1.9,30.6,79,1941,3.7,,6.5,4.7,8.1,83.3,1507,-14.7,,17.7,1.9,
Ramirez, Erasmo,541640,2015,25,34,163.1,666,614,145,100,28,1,16,126,40,18.9,6.0,.236,.363,.291,.654,68,73,11,6,3.75,.236,55.2,91.5,2219,-14.5,,21.2,1.8,21.5,83.2,2198,4,,9.8,3.4,23.3,81.3,1677,-13.1,,16.3,2.1,
Cole, Gerrit,543037,2015,25,32,208.0,832,765,183,136,31,5,11,202,44,24.3,5.3,.239,.336,.285,.621,60,71,19,8,2.60,.239,67,96.3,2154,-13.9,,20.5,1.7,29.4,86.2,2160,6,,7.5,3.3,3.6,88.8,1708,-14.2,,17.9,1.5,
DeSclafani, Anthony,543101,2015,25,31,184.2,785,710,194,131,43,3,17,151,55,19.2,7.0,.273,.414,.324,.738,83,93,9,13,4.05,.273,61.9,93.1,2070,-12.3,,20,1.6,30.9,85.8,2037,2.7,,8.1,4.2,7.3,86.3,1630,-15.3,,17.5,1.7,
Gray, Sonny,543243,2015,26,31,208.0,831,765,166,125,23,1,17,169,59,20.3,7.1,.217,.316,.273,.590,63,71,14,7,2.73,.217,62.7,93.5,2336,-3.8,,17.6,1.5,30.1,84.4,2426,10.8,,12.5,3.1,7.1,88.1,1794,-9.7,,15.9,1.7,
Hendricks, Kyle,543294,2015,26,32,180.0,739,681,166,110,36,3,17,167,43,22.6,5.8,.244,.380,.294,.674,79,82,8,7,3.95,.244,72.5,88.8,2095,-11.3,,17.2,1.2,7.3,78.3,2472,8.3,,9.2,1.6,20.2,80.7,2119,-7.9,,15.2,1.2,
Koehler, Tom,543408,2015,29,32,187.1,800,706,180,119,36,3,22,137,77,17.1,9.6,.255,.408,.329,.737,85,96,11,14,4.08,.255,57.8,92.7,2091,-11,,21.2,1.3,37.2,82,2292,4.6,,12,4,5,85,1691,-15,,18.1,1.5,
McHugh, Collin,543521,2015,28,32,203.2,859,788,207,147,39,2,19,171,53,19.9,6.2,.263,.390,.313,.703,88,89,19,7,3.89,.263,72.3,89,2259,-1.3,,15.4,2.5,23.5,73.2,2545,13.8,,17.9,1.7,4.2,82.8,1620,-12.1,,16.7,1.4,
Odorizzi, Jake,543606,2015,25,28,169.1,700,644,149,87,36,8,18,150,46,21.4,6.6,.231,.396,.283,.679,63,65,9,9,3.35,.231,63.1,90.9,2152,-4.3,,22.4,2.7,6.9,77.6,2051,8.3,,12.7,5.7,30,85.6,1456,-9.8,,16.6,1.5,
Bauer, Trevor,545333,2015,24,31,176.0,744,655,152,96,29,4,23,170,79,22.8,10.6,.232,.394,.317,.711,89,90,11,12,4.55,.232,66.5,92.1,2218,-7,,19,3.7,21,80.7,2349,7,,11.3,3.7,12.5,85.8,1647,-11.5,,16.4,1.9,
Ventura, Yordano,570649,2015,24,28,163.1,693,621,154,107,27,6,14,156,58,22.5,8.4,.248,.378,.319,.697,74,75,13,8,4.08,.248,61.2,96.8,2155,-13.9,,22.2,2.2,24.2,84.6,2550,3.2,,8.2,2.1,14.6,87.9,1425,-13.2,,17.9,1.7,
Fiers, Mike,571666,2015,30,31,180.1,761,680,162,102,29,7,24,180,64,23.7,8.4,.238,.407,.305,.712,74,83,7,10,3.69,.238,68.1,89.2,2184,-4.3,,21,2.7,16.1,72.9,2537,5.5,,19.5,1.9,15.8,83.6,1792,-13.7,,18.2,2.1,
Miller, Shelby,571946,2015,25,33,205.1,860,769,183,124,41,5,13,171,73,19.9,8.5,.238,.355,.305,.660,69,82,6,17,3.02,.238,88.1,93,2216,-9.6,,17.4,3.7,9.6,78.6,2178,9.6,,12.4,1.5,2.3,87,1789,-14.8,,18.2,1.4,
Richards, Garrett,572070,2015,27,32,207.1,865,768,181,126,35,0,20,176,76,20.3,8.8,.236,.359,.303,.662,84,94,15,12,3.65,.236,60.8,96.2,2486,-1.9,,14.7,1.2,39.2,86.7,2782,4.8,,7.7,3.5,0,93.2,2416,-18.2,,20.8,,
Keuchel, Dallas,572971,2015,27,33,232.0,911,854,185,138,28,2,17,216,51,23.7,5.6,.217,.314,.261,.575,64,68,20,8,2.48,.217,66.9,89.6,2060,11.2,,17.8,2.1,19.4,79.8,2022,-8.7,,9.5,1.5,13.7,79.6,1617,15.9,,20.2,1.4,
Walker, Taijuan,592836,2015,23,29,169.2,706,648,163,107,31,0,25,157,40,22.2,5.7,.252,.415,.300,.715,86,92,11,8,4.56,.252,74.3,94.3,2130,-8.4,,19.6,2.4,7.8,74.7,1920,9.7,,13.7,1.8,17.9,89.4,1486,-13.6,,16.6,1.6,
Martinez, Carlos,593372,2015,24,31,179.2,755,671,168,120,31,4,13,184,63,24.4,8.3,.250,.367,.317,.683,60,65,14,7,3.01,.250,56.8,96,2038,-13.2,,19.4,2.1,25.8,85.7,1897,7.1,,8.6,2.2,17.3,87.4,1990,-17.6,,19.3,2,
deGrom, Jacob,594798,2015,27,30,191.0,751,694,149,109,24,0,16,205,38,27.3,5.1,.215,.318,.252,.570,54,59,14,8,2.54,.215,62.5,95.6,2231,-10.4,,20.1,1.5,25.4,87.2,2268,1.9,,8.8,4.6,12.1,86,1739,-13,,16.3,1.4,
Wacha, Michael,608379,2015,24,30,181.1,762,687,162,109,31,3,19,153,58,20.1,7.6,.236,.373,.297,.669,68,74,17,7,3.38,.236,70.8,93.9,2091,-7.5,,20.9,2.8,12.8,76.4,2046,4,,9,1.6,16.4,87.1,1518,-13.1,,17.2,1.7,
Chen, Wei-Yin,612672,2015,30,31,191.1,792,733,192,110,50,4,28,153,41,19.3,5.2,.262,.456,.301,.756,71,78,11,8,3.34,.262,64.3,92,2075,11.7,,22.5,1.6,25.4,80.6,2110,-4.5,,8.9,5.7,10.3,83.4,1488,13.1,,19.7,1.7,
Wood, Alex,622072,2015,24,32,189.2,801,720,198,149,29,5,15,139,59,17.4,7.4,.275,.392,.326,.718,81,86,12,12,3.84,.275,58.9,89.7,1915,14.4,,18.9,1.2,22.1,80.8,1768,-4.7,,6.2,1.7,18.9,83.6,1815,16.4,,17.5,2.3,
Wainwright, Adam,425794,2020,39,10,65.2,262,244,54,36,9,0,9,54,15,20.6,5.7,.221,.369,.271,.640,23,25,5,3,3.15,.221,59.2,87.6,2253,-3.6,-25.6,13.5,2.6,38.3,73.5,2791,16.8,-65.5,22,1.6,2.5,81.8,1683,-13.6,-33.8,15.3,1.5,
Greinke, Zack,425844,2020,37,12,67.0,273,262,67,42,17,2,6,67,9,24.5,3.3,.256,.405,.282,.687,30,30,3,3,4.03,.256,43.5,88.1,2327,-1.2,-17.8,17.6,1.3,33.2,77.7,2425,8.5,-49.1,12.2,7.6,23.3,86.2,1668,-13.1,-32.4,14,1,
Lester, Jon,452657,2020,36,12,61.0,265,244,64,39,13,1,11,42,17,15.8,6.4,.262,.459,.317,.776,35,35,3,3,5.16,.262,73.7,88.4,2247,5.2,-22.9,14.2,1.5,12.8,73.4,2569,-10.6,-55.6,11.8,1.8,13.5,83.4,1905,13.5,-32.5,15.1,1.4,
Scherzer, Max,453286,2020,36,12,67.1,295,269,70,47,12,1,10,92,23,31.2,7.8,.260,.424,.319,.742,28,30,5,4,3.74,.260,55.6,94,2489,-8.8,-16.5,17.2,2,28.4,82.8,2511,7.4,-41.3,9,4.4,16.1,84.9,1446,-14.5,-35,15,1.4,
Cueto, Johnny,456501,2020,34,12,63.1,277,246,61,38,12,2,9,56,26,20.2,9.4,.248,.423,.325,.748,38,41,2,3,5.40,.248,43.7,91.3,2198,-12.1,-19.2,18.6,1.5,29.2,82.1,2301,2.5,-37.8,5.4,2.9,27.1,82.5,1333,-11.2,-35.5,12.5,1.9,
Lynn, Lance,458681,2020,33,13,84.0,344,311,64,35,15,1,13,89,25,25.9,7.3,.206,.386,.276,.662,31,34,6,3,3.32,.206,90.5,92.5,2486,-5.8,-20.2,14.4,2.8,8.4,83.9,2618,4.4,-42.7,6.5,1.6,1.1,84.6,1781,-7.9,-29.2,12.3,1.8,
Carrasco, Carlos,471911,2020,33,12,68.0,280,249,55,36,11,0,8,82,27,29.3,9.6,.221,.361,.300,.661,22,22,3,4,2.91,.221,39.5,93.5,2458,-9.6,-16.9,17.6,1.5,33.4,85.5,2818,5,-38.2,6.9,2.2,27.1,87.7,1318,-6.9,-33.4,7.5,1.5,
Gibson, Kyle,502043,2020,33,12,67.1,301,265,73,50,9,2,12,58,30,19.3,10.0,.275,.460,.362,.823,40,44,2,6,5.35,.275,49.9,92.2,2171,-11.5,-18.6,18.3,1.3,32.3,81.9,2462,5.6,-43.4,7.2,2.3,17.8,84.4,1652,-14.8,-31.6,16.3,1.2,
Darvish, Yu,506433,2020,34,12,76.0,297,280,59,40,12,2,5,93,14,31.3,4.7,.211,.321,.253,.574,17,18,8,3,2.01,.211,63.8,90.1,2698,-0.1,-27.6,11.5,5.5,26.8,80.1,2768,12.7,-49.6,15.8,3.9,9.4,90.2,1645,-6.9,-25.6,11.7,2,
Perez, Martin,527048,2020,29,12,62.0,262,229,55,31,16,0,8,46,28,17.6,10.7,.240,.415,.328,.743,31,33,3,5,4.50,.240,64.9,90.4,2087,7.5,-22,15.1,2.4,9.4,77.7,2521,-5.5,-50.4,7.9,1.5,25.8,83.7,1704,14.4,-29.7,17.3,1.4,
Cole, Gerrit,543037,2020,30,12,73.0,288,269,53,25,14,0,14,94,17,32.6,5.9,.197,.405,.250,.655,23,27,7,3,2.84,.197,52.8,96.7,2505,-12.2,-11.5,21.7,1.4,41.6,86.5,2672,6.9,-39.2,10.1,3.3,5.6,88.3,1750,-15.5,-24.5,18.9,1.6,
Hendricks, Kyle,543294,2020,31,12,81.1,315,304,73,53,10,0,10,64,8,20.3,2.5,.240,.372,.260,.632,26,26,6,5,2.88,.240,54.5,87.3,1903,-10,-24,16,1.2,16.6,72.1,2810,14.3,-66.3,19.6,1.4,28.9,79.7,2064,-11.4,-31.1,16.7,0.9,
Bauer, Trevor,545333,2020,29,11,73.0,278,258,41,25,4,3,9,100,17,36.0,6.1,.159,.302,.219,.522,14,17,5,4,1.73,.159,67.5,91,2817,-5.2,-19.6,17.4,4.6,32.2,80.2,2939,13.3,-54.2,19.8,1.8,0.3,85,1731,-9.8,-24.6,17.2,1.6,
Ryu, Hyun Jin,547943,2020,33,12,67.0,275,256,60,42,12,0,6,72,17,26.2,6.2,.234,.352,.284,.635,20,22,5,2,2.69,.234,58.9,87.9,2001,6.1,-25.1,13.2,2.7,13.3,72.4,2539,-13.1,-66.5,19.1,2.1,27.8,79.6,1478,13.2,-36.7,15,1.4,
Wheeler, Zack,554430,2020,30,11,71.0,288,264,67,48,16,0,3,53,16,18.4,5.6,.254,.348,.313,.661,23,26,4,2,2.92,.254,65.8,96.8,2289,-8.8,-15.7,16.6,1.2,26,86,2485,6.8,-40.6,10.1,5.1,8.3,90.1,1641,-12.4,-23.1,16.7,1.3,
Boyd, Matthew,571510,2020,29,12,60.1,271,241,67,33,17,2,15,60,22,22.1,8.1,.278,.552,.347,.899,45,46,3,7,6.71,.278,52.7,91.7,2302,11.4,-18.5,18.2,1.2,30.1,78,2369,-5.7,-51.3,9,2.8,17.2,79.1,1882,15.9,-37,17.5,1.3,
Corbin, Patrick,571578,2020,31,11,65.2,295,276,85,57,16,2,10,60,18,20.3,6.1,.308,.489,.349,.838,34,35,2,7,4.66,.308,52.1,90.1,2116,11.6,-20.3,18.1,1.6,42.3,78.5,2222,-3.7,-43.9,4.4,4,5.6,77.7,1550,10.5,-33.9,15.7,2.2,
Heaney, Andrew,571760,2020,29,12,66.2,279,256,63,39,14,1,9,70,19,25.1,6.8,.246,.414,.301,.715,33,35,4,3,4.46,.246,57.8,91.5,2433,13.8,-17.1,21,1.4,24.8,79.2,2550,-5.7,-47.1,7.2,1.6,17.4,83,2005,16.3,-31.8,18.3,1.5,
Keuchel, Dallas,572971,2020,32,11,63.1,257,238,52,41,8,1,2,42,17,16.3,6.6,.218,.286,.268,.554,14,15,6,2,1.99,.218,65.5,86.1,2139,5,-29.2,11.6,1.9,6.6,75.8,2280,-7.9,-48.3,9.1,1.6,27.9,78.6,1680,14.4,-37.7,15.8,1.2,
deGrom, Jacob,594798,2020,32,12,68.0,268,248,47,28,12,0,7,104,18,38.8,6.7,.190,.323,.243,.565,18,21,4,2,2.38,.190,44.9,98.6,2477,-6.9,-11.4,18.2,1.2,38.1,91.9,2570,3.9,-27.8,6.6,2.7,16.9,91.4,1638,-13.5,-28.8,14.5,1.4,
Gonzales, Marco,594835,2020,28,11,69.2,277,266,59,38,13,0,8,64,7,23.1,2.5,.222,.361,.253,.614,24,27,7,2,3.10,.222,69.6,87,2152,7.1,-21.4,17,2.1,16.1,75.3,2294,-8.9,-62.1,16.3,1.3,14.3,80.6,2114,16.9,-32.8,19.5,1.1,
Bassitt, Chris,605135,2020,31,11,63.0,261,240,56,35,15,0,6,55,17,21.1,6.5,.233,.371,.287,.658,16,18,5,2,2.29,.233,77.4,91.4,2143,-9,-21.4,15.8,3,12.4,71.3,2198,12.4,-66.2,17.7,2.8,10.3,83.6,1950,-17.3,-29.6,19.9,1.3,
Bundy, Dylan,605164,2020,28,11,65.2,267,245,51,30,14,2,5,72,17,27.0,6.4,.208,.343,.270,.613,24,27,6,3,3.29,.208,41.9,90.1,2406,-6.5,-15.3,19.9,1.5,36.7,77.9,2478,5.5,-50.1,8.4,3.5,21.3,82.2,1627,-13,-32,15.7,1.3,
Davies, Zach,605200,2020,27,12,69.1,276,255,55,37,8,1,9,63,19,22.8,6.9,.216,.361,.268,.629,21,26,7,4,2.73,.216,55.8,88.1,2085,-12.2,-22.4,18.2,1.4,2.8,74.5,2509,9.6,-60.8,15.1,1.3,41.3,79.4,1728,-14.4,-35.2,16.7,1,
Nola, Aaron,605400,2020,27,12,71.1,289,263,54,33,12,0,9,96,23,33.2,8.0,.205,.354,.273,.627,26,31,5,5,3.28,.205,46,92.3,2143,-15.5,-20.9,19.5,1.4,26.7,78.6,2499,15.1,-54.8,18.3,1.3,27.4,84.9,1518,-14.5,-35.5,15,1.3,
Woodruff, Brandon,605540,2020,27,13,73.2,293,270,55,37,8,1,9,91,18,31.1,6.1,.204,.341,.263,.604,25,26,3,5,3.05,.204,65.2,96.4,2413,-10,-14,18.9,1.2,17.3,86.4,2555,3.3,-39.8,6.6,2.8,17.5,86.7,1817,-15.4,-26.9,18.1,1.5,
Freeland, Kyle,607536,2020,27,13,70.2,304,277,77,52,16,0,9,46,23,15.1,7.6,.278,.433,.339,.772,34,34,2,3,4.33,.278,33.5,91.9,2424,9.9,-20.9,15.9,1.7,42.5,83.6,2460,-2.9,-39.7,6.8,3.7,24,86,1375,11.1,-31.8,12.3,1.4,
Giolito, Lucas,608337,2020,26,12,72.1,288,255,47,31,8,0,8,97,28,33.7,9.7,.184,.310,.267,.577,28,31,4,3,3.48,.184,50.6,94,2349,-7.1,-12.5,20,1.4,15.7,84.4,2120,3.6,-35.9,6.2,2.5,33.7,80.9,1410,-8.8,-28.9,15.9,1.4,
Marquez, German,608566,2020,25,13,81.2,344,316,78,53,16,3,6,73,25,21.2,7.3,.247,.373,.299,.673,34,41,4,6,3.75,.247,52.4,95.6,2152,-8.5,-17.5,15.5,1.7,42.3,86.5,2589,2.4,-36.7,5.2,2.3,5.3,86.8,1816,-13.4,-26.8,16.4,1.8,
Mills, Alec,621219,2020,29,11,62.1,252,230,53,29,11,0,13,46,19,18.3,7.5,.230,.448,.294,.741,31,31,5,5,4.48,.230,58.9,89.9,2190,-13.3,-23.6,17.5,1.1,25.1,71,2460,14.3,-62.7,16.8,5.7,16,80.8,1707,-15.3,-38.2,15.9,1.3,
Berrios, Jose,621244,2020,26,12,63.0,271,240,57,39,9,1,8,68,26,25.1,9.6,.238,.383,.317,.701,28,28,5,4,4.00,.238,51.6,94.2,2158,-13.3,-18,18.9,1.2,29.6,83.4,2352,14.7,-42,15.1,1.4,18.8,84.7,1531,-12.5,-33.9,13.5,1.6,
Castillo, Luis,622491,2020,28,12,70.0,292,266,62,38,18,1,5,89,24,30.5,8.2,.233,.365,.298,.663,25,31,4,6,3.21,.233,52.3,97.4,2142,-14.4,-20.4,17.6,0.9,17.7,86.8,2484,0,-35.8,1.9,1.3,30,88.2,1943,-16.5,-34.1,16.6,1,
Senzatela, Antonio,622608,2020,25,12,73.1,303,279,71,49,10,3,9,41,18,13.5,5.9,.254,.409,.307,.716,28,29,5,3,3.44,.254,55.9,94.3,2140,-5.9,-20,12.3,1.5,33.7,84.5,2213,5.8,-38.7,7.1,3.8,10.4,86.4,2133,-8.2,-27.7,12.4,1.6,
Maeda, Kenta,628317,2020,32,11,66.2,248,238,40,26,4,1,9,80,10,32.3,4.0,.168,.307,.202,.508,20,20,6,1,2.70,.168,28.5,91,2271,-8.9,-20,16.7,1.8,42.2,82.6,2512,3.5,-35,8.8,2,29.3,84.5,1488,-12.6,-35.9,13,1.1,
Civale, Aaron,650644,2020,25,12,74.0,312,291,82,51,17,3,11,69,16,22.1,5.1,.282,.474,.324,.798,39,39,4,6,4.74,.282,60.2,89.7,2381,-4.3,-23.3,14.4,2.6,30.7,77.7,2799,10.7,-57.1,16.4,3.5,9.2,85.3,2028,-15.4,-28.7,17.8,1.4,
Lamet, Dinelson,659275,2020,28,12,69.0,267,242,39,25,9,0,5,93,20,34.8,7.5,.161,.260,.236,.496,16,18,3,1,2.09,.161,46.6,97,2484,-7.5,-12.2,18.8,1.4,53.4,86.5,2614,4.3,-34.4,6.3,1.7,,,,,,,,
Singer, Brady,663903,2020,24,12,64.1,263,236,52,37,6,1,8,61,23,23.2,8.7,.220,.356,.293,.649,29,29,4,5,4.06,.220,57.9,93.3,2241,-13.6,-19.2,18.3,1.2,37.4,83.1,2387,4.8,-41.1,5.6,1.4,4.7,87.8,2164,-15.6,-24.9,18.8,1.3,
Valdez, Framber,664285,2020,27,11,70.2,288,263,63,49,6,3,5,76,16,26.4,5.6,.240,.342,.292,.634,28,32,5,3,3.57,.240,56.8,93.1,2254,12.2,-25.6,14,1.4,33.5,80.5,2982,-13.2,-56.2,19.2,1.5,9.7,88.8,1720,12.9,-32.1,13.5,1.3,
Gallen, Zac,668678,2020,25,12,72.0,291,262,55,40,6,0,9,82,25,28.2,8.6,.210,.336,.282,.618,22,24,3,2,2.75,.210,64.9,90.8,2366,0.3,-21.5,14.3,4,16.1,81.2,2432,6.3,-50.9,11.4,1.3,19,84.9,1530,-13.3,-34.7,13.9,1.6,
Bieber, Shane,669456,2020,25,12,77.1,297,275,46,33,6,0,7,122,21,41.1,7.1,.167,.265,.229,.494,14,15,8,1,1.63,.167,53.6,92.7,2407,-5.7,-16.2,17.2,2.7,37.9,83.9,2413,6.7,-50,13.2,1.3,8.5,88.7,1665,-15.9,-29.9,16.8,1.3,
Colon, Bartolo,112526,2016,43,34,191.2,791,745,200,134,36,6,24,128,32,16.2,4.0,.268,.430,.297,.727,73,81,15,8,3.43,.268,89.4,88.4,2148,-14.3,-23.9,19.8,2.3,6.4,82.4,2282,0.3,-35.7,8.2,1.9,4.2,81.5,1683,-14.7,-32,18.6,1.5,
Sabathia, CC,282332,2016,36,30,179.2,768,687,172,122,26,2,22,152,65,19.8,8.5,.250,.390,.320,.710,78,83,9,12,3.91,.250,71.4,89.3,2104,6.7,-20.2,15.4,3,22.9,80.4,2085,-10.9,-38.1,12,1.9,5.8,82.5,1957,9.8,-27.3,14.9,1.5,
Dickey, R.A.,285079,2016,42,30,169.2,728,655,169,97,39,5,28,126,63,17.3,8.7,.258,.461,.327,.788,84,97,10,15,4.46,.258,13,82.9,1889,-14.8,-30,19.4,1.6,87,76.6,1592,-2.4,-43.7,10.4,3.2,,,,,,,,
Lackey, John,407793,2016,38,29,188.1,748,670,146,96,25,2,23,180,53,24.1,7.1,.218,.364,.278,.642,70,74,11,8,3.35,.218,81,90,2244,-7,-23.2,15.1,4.6,13.5,78.9,2329,5.6,-49.2,7.9,2,5.5,84.9,1871,-16.3,-27.5,19.5,1.8,
Wainwright, Adam,425794,2016,35,33,198.2,847,766,220,146,48,4,22,161,59,19.0,7.0,.287,.446,.335,.782,102,108,13,9,4.62,.287,70.5,88.8,2241,-6.2,-24,15,3.4,26.9,74.4,2657,13.6,-63.4,18.8,2,2.6,83.3,1583,-13.7,-31.9,16.6,2,
Santana, Ervin,429722,2016,34,30,181.1,748,685,168,113,36,0,19,149,53,19.9,7.1,.245,.381,.301,.682,68,78,7,11,3.38,.245,52.8,93.3,2243,-6.6,-12.9,19.2,1.8,39.5,84.1,2081,5.5,-32.5,9.4,2.3,7.7,85.6,1456,-10.4,-22.1,17.9,1.6,
Hamels, Cole,430935,2016,33,32,200.2,848,760,185,130,30,1,24,200,77,23.6,9.1,.243,.380,.318,.699,74,83,15,5,3.32,.243,67.2,92,2071,9,-19.1,18.8,2.4,14.6,79.8,2141,-4.3,-52.9,8.8,1.8,18.3,84.8,1623,14.3,-29,18.8,1.3,
Verlander, Justin,434378,2016,33,34,227.2,903,827,171,102,35,4,30,254,57,28.1,6.3,.207,.368,.261,.629,77,81,16,9,3.04,.207,57.8,94.1,2558,-14.2,-12.4,24.5,1.9,33.7,84.1,2612,3.7,-38.9,11.7,5.7,8.5,85.9,2057,-18.7,-28.9,21.3,1.7,
Liriano, Francisco,434538,2016,33,31,163.0,731,624,157,104,23,4,26,168,85,23.0,11.6,.252,.426,.343,.770,85,98,8,13,4.69,.252,51.2,93.3,2040,14.3,-19.9,19.3,1.7,29.2,85.9,2231,-1.8,-31.3,7.7,2.3,19.5,85.9,1784,14.2,-28.9,17.1,1.6,
Hammel, Jason,434628,2016,34,30,166.2,692,620,148,88,31,4,25,144,53,20.8,7.7,.239,.423,.303,.726,71,77,15,10,3.83,.239,50.7,92.7,2198,-12.1,-15.5,20.8,1.2,46.6,83.8,2319,3.9,-39.6,7.3,4.4,2.7,85.4,1692,-15.6,-27.9,18.1,1.4,
Nolasco, Ricky,445060,2016,34,32,197.2,817,756,202,131,41,4,26,144,44,17.6,5.4,.267,.435,.307,.742,97,104,8,14,4.42,.267,48.6,90.9,2041,-12.1,-19.7,19.9,1.8,43.9,79.7,2302,4.9,-48.6,7.1,4.4,7.4,80,1386,-10.5,-39.2,12.6,1.5,
Kluber, Corey,446372,2016,30,32,215.0,860,788,170,106,39,3,22,227,57,26.4,6.6,.216,.357,.272,.629,75,82,18,9,3.14,.216,52.8,93.1,2308,-10.9,-17.7,19.1,1.4,42.7,87,2622,8.4,-31.1,12.6,3.5,4.5,85.8,1673,-11.6,-28.8,15.2,1.6,
Shields, James,448306,2016,35,33,181.2,822,723,208,121,41,6,40,135,82,16.4,10.0,.288,.527,.363,.890,118,122,6,19,5.85,.288,62.3,89.7,2276,-6,-19.8,16.9,2.7,16.5,77.6,2531,6.8,-52,10.1,2.8,21.3,84.3,1765,-14.4,-27.4,18.4,1.7,
Garcia, Jaime,448802,2016,30,32,171.2,741,668,179,112,40,1,26,150,57,20.2,7.7,.268,.448,.328,.776,89,94,10,13,4.67,.268,63.4,91.1,2343,6.5,-23.3,14.7,1.7,18.5,80.4,2806,-11.8,-50.7,13.5,4.5,18.1,82.8,2019,12.2,-33.1,15.7,1.8,
Volquez, Edinson,450172,2016,33,34,189.1,853,758,217,150,41,3,23,139,76,16.3,8.9,.286,.439,.352,.791,113,124,10,11,5.37,.286,53.1,93.8,2308,-15.6,-19.7,21.2,1.5,24.7,80.5,2817,7.4,-52,10.7,2,22.2,84,1200,-13.2,-36,14.2,1.8,
Weaver, Jered,450308,2016,34,31,178.0,767,704,209,131,38,3,37,103,51,13.4,6.6,.297,.517,.344,.861,100,106,12,12,5.06,.297,44.2,83.5,2213,-7,-23.1,22,2,38.7,72.7,2457,7.8,-53.5,9.7,4.6,17.1,74.9,1850,-12.9,-35.1,21.2,1.8,
Fister, Doug,450729,2016,32,32,180.1,779,706,195,124,44,3,24,115,62,14.8,8.0,.276,.449,.339,.788,93,98,12,13,4.64,.276,78.9,86.8,1998,-10,-25.9,17.8,2.5,14.7,70.9,2060,8.4,-69.5,14.3,1.6,6.4,79.5,1640,-12.8,-36.6,15.9,1.4,
Lester, Jon,452657,2016,32,32,202.2,796,730,154,107,25,1,21,197,52,24.7,6.5,.211,.334,.266,.601,55,57,19,5,2.44,.211,82.5,91.7,2283,6,-18.2,18.1,2.3,12.6,75.1,2532,-10.7,-54.8,11.8,2.2,4.9,85.4,1744,13.1,-29.8,16.8,1.5,
Kennedy, Ian,453178,2016,32,33,195.2,818,733,173,110,29,1,33,184,66,22.5,8.1,.236,.413,.308,.721,80,81,11,11,3.68,.236,66.3,92.8,2388,-13.4,-15.1,23.3,1.3,22,81.1,2308,4.8,-48.3,11.9,4.8,11.8,84.5,1887,-15.1,-28,20.1,1.2,
Scherzer, Max,453286,2016,32,34,228.1,902,830,165,93,37,4,31,284,56,31.5,6.2,.199,.365,.252,.617,75,77,20,7,2.96,.199,57.3,94.8,2549,-14.6,-13.3,22.2,1.8,30.7,84.6,2379,0.9,-35.1,6.5,4.5,12,85.9,1514,-17.4,-32.1,18.2,1.6,
Arrieta, Jake,453562,2016,30,31,197.1,795,710,138,93,27,2,16,190,76,23.9,9.6,.194,.306,.277,.582,68,72,18,8,3.10,.194,65,94.4,2307,-14.3,-15.6,21.5,1.4,30.2,86.3,2581,5.7,-39.2,11.2,5,4.8,89.3,2070,-17.2,-26.9,19.4,1.5,
Price, David,456034,2016,31,35,230.0,951,879,227,151,40,6,30,228,50,24.0,5.3,.258,.420,.299,.718,102,106,17,9,3.99,.258,68.6,92.1,2120,10.9,-18.5,19.8,2.9,8.7,79.5,2203,-5.1,-46.1,7.7,2,22.7,85.1,1806,16.5,-27.8,20.9,1.7,
Cueto, Johnny,456501,2016,30,32,219.2,881,818,195,139,36,5,15,198,45,22.5,5.1,.238,.350,.281,.631,68,71,18,5,2.79,.238,61.9,91.2,2280,-10.7,-17.6,19,2.6,18.3,83.9,2280,1.1,-31.8,7.4,3.1,19.8,83.3,1573,-12.5,-33.6,14.4,2.3,
Happ, J.A.,457918,2016,34,32,195.0,796,726,168,113,31,2,22,163,60,20.5,7.5,.231,.371,.294,.664,69,72,20,4,3.18,.231,73.5,92.2,2348,11.2,-17,21,1.4,20.2,83.2,2212,-2,-37.2,7.8,3.8,6.3,84.4,1934,14.3,-23.8,22.4,1.4,
Tomlin, Josh,458708,2016,32,30,174.0,725,694,187,111,37,3,36,118,20,16.3,2.8,.269,.487,.290,.777,85,97,13,9,4.40,.269,77,87.2,2508,-1.5,-22,16.2,2,15,75.6,2753,5.8,-61.9,12.7,1.5,8,83.8,1735,-11.2,-27.3,16.9,1.5,
Gonzalez, Gio,461829,2016,31,32,177.1,765,684,179,123,34,3,19,171,59,22.4,7.7,.262,.404,.323,.726,90,98,11,11,4.57,.262,63.6,91.4,2226,12.6,-17.4,20.2,1.5,20.1,77.7,2842,-10.8,-58.3,16.1,1.6,16.3,84.3,1708,13.2,-29.2,16.4,2,
Estrada, Marco,462136,2016,33,29,176.0,723,651,132,79,26,4,23,165,65,22.8,9.0,.203,.361,.278,.639,68,73,9,9,3.48,.203,61.6,88.2,2413,-3,-13.5,23.8,1.6,9.9,76.6,2687,6.4,-60.2,12.5,1.7,28.5,77.5,2142,-11.1,-26.6,24.1,1.5,
Nova, Ivan,467100,2016,29,32,162.0,684,636,175,103,46,3,23,127,28,18.6,4.1,.275,.465,.310,.775,75,81,12,8,4.17,.275,64.5,93.2,2171,-15.6,-20.2,20,1.5,30.9,81.2,2282,2.8,-45.9,6.7,2.7,4.6,86.9,2006,-14.7,-25.4,19.1,1.3,
Hellickson, Jeremy,476451,2016,29,32,189.0,772,711,173,101,44,4,24,154,45,19.9,5.8,.243,.418,.290,.708,78,86,12,10,3.71,.243,49,90.6,2091,-16.1,-18.1,22.8,1.1,24.8,80.7,2736,3.1,-46.5,15.1,5.4,26.2,81.1,1791,-13.5,-29.9,18.3,1.6,
Miley, Wade,489119,2016,30,30,166.0,711,649,187,122,39,1,25,137,49,19.3,6.9,.288,.467,.340,.807,99,100,9,13,5.37,.288,49.8,90.9,2160,7.7,-14.5,20.7,1.5,32.4,82.1,2329,-3.4,-41.5,7.7,4.6,17.9,83.1,1933,14.6,-26.3,19.9,1.8,
Quintana, Jose,500779,2016,27,32,208.0,837,779,192,123,46,1,22,181,50,21.6,6.0,.246,.393,.294,.687,74,76,13,12,3.20,.246,67.2,92.6,2042,8.3,-14.5,19.5,1.4,25,78.2,2134,-6.2,-48.7,7.7,1.5,7.8,86.6,1322,10.9,-24.1,17.5,1.4,
Pineda, Michael,501381,2016,27,32,175.2,756,693,184,108,43,6,27,207,53,27.4,7.0,.266,.462,.321,.783,94,98,6,12,4.82,.266,51.5,94.7,2083,-5.9,-15.1,17.2,1.9,40.1,86.1,2004,0.3,-34.6,4.8,2.1,8.3,89.1,1896,-14.3,-21.8,19.6,1.8,
Tillman, Chris,501957,2016,28,30,172.0,715,636,155,89,44,3,19,140,66,19.6,9.2,.244,.412,.319,.731,72,73,16,6,3.77,.244,56.6,92.3,2303,-7.4,-11.6,21.8,1.8,28,81.6,2183,4.4,-44.8,11.5,6.1,15.4,84.3,1651,-10.6,-22,19.4,1.6,
Archer, Chris,502042,2016,28,33,201.1,850,769,183,118,33,2,30,233,67,27.4,7.9,.238,.403,.298,.701,90,100,9,19,4.02,.238,48.5,95,2190,-5.2,-12.5,21.4,1.5,40.6,88.8,2315,5.3,-34,7.5,2,10.9,87.4,1810,-11.9,-28.7,15.7,1.8,
Samardzija, Jeff,502188,2016,31,32,203.1,829,764,190,121,37,8,24,167,54,20.1,6.5,.249,.412,.296,.708,86,88,12,11,3.81,.249,67.2,94.4,2451,-12.2,-17.9,18.3,1.8,25,84.9,2387,0.2,-34.9,7.7,3.7,7.8,86.3,1595,-13.7,-27.1,16.9,1.8,
Leake, Mike,502190,2016,29,30,176.2,757,705,203,141,39,3,20,125,30,16.5,4.0,.288,.437,.317,.754,92,101,9,12,4.69,.288,76.3,90.8,2121,-10,-27.5,13.5,1.5,15.1,80.5,2525,8.4,-49.5,10.4,2.8,8.6,85.6,1837,-15.5,-35.3,16,1.6,
Santiago, Hector,502327,2016,29,33,182.0,785,690,169,98,34,4,33,144,79,18.3,10.1,.245,.449,.322,.772,95,100,13,10,4.70,.245,69.6,91.5,2242,11.8,-16.3,22.7,2.9,9.1,77.2,2140,-6.4,-51.3,8.1,3.6,21.4,83.4,2004,16.6,-28.4,21.9,1.8,
Bettis, Chad,518452,2016,27,32,186.0,814,735,204,138,35,9,22,138,59,17.0,7.2,.278,.439,.332,.771,99,107,14,8,4.79,.278,58.6,92.1,1945,-5.1,-18.9,14.9,2,29.7,82.2,2142,5.6,-38.9,8.5,6.3,11.7,86.6,1521,-10.4,-31.9,11.8,2.1,
Bumgarner, Madison,518516,2016,27,34,226.2,912,841,179,114,37,2,26,251,54,27.5,5.9,.213,.354,.264,.619,69,79,15,9,2.74,.213,51,91.3,2303,7.3,-14.9,19.9,1.2,45.3,83.2,2328,-4.6,-35.5,11.9,6.6,3.7,84.3,1720,12.1,-26.5,17.2,1.7,
Duffy, Danny,518633,2016,28,42,179.2,731,676,163,100,33,3,27,188,42,25.7,5.7,.241,.419,.290,.709,70,71,12,3,3.51,.241,59.5,95.4,2216,7.6,-12.2,22.8,1.6,23.1,84.1,2312,-6.5,-41.8,7.6,1.9,17.3,85.8,2512,14.6,-24.7,21.6,1.6,
Moore, Matt,519043,2016,27,33,198.1,838,752,184,133,25,1,25,178,72,21.2,8.6,.245,.380,.313,.693,90,93,13,12,4.08,.245,64.9,93.3,2279,12.7,-14.3,23.1,1.6,22.5,81.9,2514,-5.4,-50.5,10.2,1.7,12.6,84.9,1564,15.8,-30.3,18.9,1.7,
Nelson, Jimmy,519076,2016,27,32,179.1,807,693,186,128,29,4,25,140,86,17.3,10.7,.268,.430,.358,.788,92,108,8,16,4.62,.268,71,93.7,2220,-13.1,-19.2,18.5,1.2,28.2,85.9,2363,6,-39.1,8.9,2.8,0.8,86.4,2004,-12.8,-25.2,17.1,1.3,
Pomeranz, Drew,519141,2016,28,31,170.2,703,631,137,86,29,0,22,186,65,26.5,9.2,.217,.368,.289,.656,63,65,11,12,3.32,.217,51.2,90.5,2449,5.6,-18,18.7,3.1,39.3,79.7,2160,-5,-61.4,14.3,1.8,9.6,87,2299,11.1,-20.7,21.6,1.9,
Porcello, Rick,519144,2016,28,33,223.0,890,840,193,129,36,5,23,189,32,21.2,3.6,.230,.367,.267,.634,78,85,22,4,3.15,.230,60.1,90.9,2395,-12.7,-19,20.2,2.1,26.5,79.7,2654,8.2,-47.6,13.8,6.6,13.4,81.4,1688,-13.1,-31.5,17,2.9,
Sale, Chris,519242,2016,27,32,226.2,907,837,190,126,34,3,27,233,45,25.7,5.0,.227,.372,.278,.649,84,88,17,10,3.34,.227,55.2,93.7,2235,16.9,-20.3,20.4,2.2,25.3,79.1,2251,-10.5,-49.6,12,2.5,19.5,86.8,2137,18.8,-29.5,20.3,2.2,
Perez, Martin,527048,2016,25,33,198.2,855,758,205,141,45,1,18,103,76,12.0,8.9,.270,.404,.333,.737,97,110,10,11,4.39,.270,62.1,93.3,2063,13.8,-19.5,21.3,1.6,20.8,83,2303,-2.8,-39.9,6.6,3.4,17.1,84.9,1707,13.6,-27.9,19.6,1.6,
Teheran, Julio,527054,2016,25,30,188.0,758,703,157,99,31,5,22,167,41,22.0,5.4,.223,.376,.273,.649,67,70,7,10,3.21,.223,55.7,91.5,2254,-11.5,-18.3,19.5,1.9,35.4,79.1,2373,3.4,-42.5,7.2,5.1,8.9,82.9,1518,-13.7,-28.6,18.2,1.9,
Hendricks, Kyle,543294,2016,27,31,190.0,745,686,142,97,28,2,15,170,44,22.8,5.9,.207,.319,.260,.580,45,53,16,8,2.13,.207,65.6,88.3,2018,-10.6,-22.2,17.3,1.2,7.7,76,2880,11.8,-54.9,13.9,1.5,26.7,80.7,2113,-9.3,-31.1,14.9,1.1,
Koehler, Tom,543408,2016,30,33,176.2,774,675,176,114,38,2,22,147,83,19.0,10.7,.261,.421,.341,.762,85,93,9,13,4.33,.261,46.3,92.5,2093,-9.6,-14.6,21.4,1.5,47.1,82.8,2329,4.2,-44.3,11.2,4.2,6.6,85.2,1614,-14.3,-28.6,18,1.6,
McHugh, Collin,543521,2016,29,33,184.2,796,730,206,135,40,6,25,177,54,22.2,6.8,.282,.456,.333,.789,89,92,13,10,4.34,.282,64.7,89.2,2341,-3.5,-22.5,16,2.5,30,72.9,2619,14.6,-64.9,18.4,1.7,5.2,84.1,1650,-12.5,-33.3,15.1,1.4,
Odorizzi, Jake,543606,2016,26,33,187.2,773,706,170,105,33,3,29,166,54,21.5,7.0,.241,.419,.295,.714,77,80,10,6,3.69,.241,66.6,91.7,2256,-6.4,-14.2,22.6,2.2,13.6,79.8,2203,8.6,-45.1,12.4,5.8,19.8,85.3,1514,-9.8,-27.3,17.1,1.4,
Roark, Tanner,543699,2016,30,34,210.0,855,758,173,134,20,2,17,172,73,20.1,8.5,.228,.327,.303,.630,66,72,16,10,2.83,.228,62.4,92.7,2076,-13.8,-16.3,21.5,1.5,27.8,82.2,2555,4.3,-41.7,9.6,4.9,9.8,84.4,1846,-16.3,-26.9,20.1,1.5,
Bauer, Trevor,545333,2016,25,35,190.0,811,721,179,119,36,4,20,168,70,20.7,8.6,.248,.393,.318,.711,90,96,12,8,4.26,.248,67.9,92.8,2288,-8.8,-16.8,19.6,2.7,19.8,77.6,2513,7.5,-62.8,16.8,2.5,12.3,87,1739,-14,-26.4,17.9,1.6,
Iwakuma, Hisashi,547874,2016,35,33,199.0,836,772,218,145,43,2,28,147,46,17.6,5.5,.282,.452,.322,.774,91,95,16,12,4.12,.282,53.2,88.1,2129,-12.3,-22.8,18.1,1.8,27.5,78.4,2230,5.7,-42.9,10.1,6,19.2,83.7,1541,-13.6,-34.9,15.3,1.7,
Tanaka, Masahiro,547888,2016,28,31,199.2,805,759,179,121,34,2,22,165,36,20.5,4.5,.236,.373,.271,.644,68,75,14,4,3.07,.236,37.1,90.9,2096,-12.8,-19.5,19.9,1.9,32.9,83.1,2237,1.7,-35.1,9.4,4.1,29.9,87.2,1594,-12.7,-28.9,15.3,1.6,
Ventura, Yordano,570649,2016,25,32,186.0,816,723,190,129,35,3,23,144,78,17.6,9.6,.263,.415,.338,.753,92,96,11,12,4.45,.263,56.2,96.8,2122,-14.4,-16,22,2.1,25.3,83.6,2626,3.4,-50.6,8.9,2.5,18.4,86.7,1500,-12.8,-29.4,16.4,2.4,
Fiers, Mike,571666,2016,31,31,168.2,724,667,187,112,47,2,26,134,42,18.5,5.8,.280,.474,.326,.800,84,89,11,8,4.48,.280,54.1,89.4,2215,-0.9,-16.8,21.2,2,26.4,76.5,2581,8.9,-61,17.2,4.1,19.5,83.1,1765,-11.4,-32.8,15.7,1.3,
Keuchel, Dallas,572971,2016,28,26,168.0,701,648,168,107,35,6,20,144,48,20.5,6.8,.259,.424,.311,.735,85,88,9,12,4.55,.259,64.5,88.5,2099,8.2,-26.3,15.7,1.8,26.2,78.5,2201,-10.5,-52.3,11.6,1.6,9.3,80,1598,13.4,-33.5,18,1.3,
Straily, Dan,573185,2016,28,34,191.1,792,699,154,86,35,2,31,162,73,20.5,9.2,.220,.409,.301,.710,80,80,14,8,3.76,.220,51.3,89.8,2205,-9.2,-12.4,21,1.4,30.8,82,2322,4,-33.9,7.8,4.6,17.9,82.9,1314,-11.9,-31.1,13.8,1.2,
Stroman, Marcus,573186,2016,25,32,204.0,855,792,209,141,44,3,21,166,54,19.4,6.3,.264,.407,.312,.719,99,104,9,10,4.37,.264,75.5,92.3,2306,-7.4,-26.6,12.5,2,19.3,83.9,2654,9.2,-43.8,10.3,3,5.1,85.1,1444,-12.9,-28.6,17.2,1.8,
Gausman, Kevin,592332,2016,25,30,179.2,757,698,183,123,31,1,28,174,47,23.0,6.2,.262,.430,.310,.740,72,76,9,12,3.61,.262,65.9,95.3,2303,-12.4,-10.7,23.3,2.1,13.4,80.3,2266,2.1,-43,4.1,2.2,20.7,85.1,1585,-14.3,-27.3,17.8,1.8,
Gray, Jon,592351,2016,25,29,168.0,712,630,153,103,28,4,18,185,59,26.0,8.3,.243,.386,.315,.700,86,92,10,10,4.61,.243,55.3,95.8,2183,-10.2,-12.9,19.9,1.6,37.3,85.9,2440,3.7,-33.6,9.8,5.8,7.4,85.9,1683,-10.8,-23.3,17.3,1.8,
Ray, Robbie,592662,2016,25,32,174.1,776,694,185,124,32,5,24,218,71,28.1,9.1,.267,.431,.338,.768,95,105,8,15,4.90,.267,71.4,94.7,2274,12.2,-14.4,22.6,1.8,22.6,84.8,2152,1.4,-35.3,6.9,2.6,6,87.2,1918,12.4,-25.7,18.2,1.7,
Sanchez, Aaron,592717,2016,24,30,192.0,790,719,161,113,31,2,15,161,63,20.4,8.0,.224,.335,.290,.625,64,69,15,2,3.00,.224,75,95.4,2270,-15.2,-16.6,21.8,1.5,16.2,78.6,2844,11.5,-60.2,17.5,1.8,8.8,88.8,2051,-18.2,-26.2,21.3,1.6,
Smyly, Drew,592767,2016,27,30,175.1,738,671,174,107,34,1,32,167,49,22.6,6.6,.259,.456,.305,.761,95,103,7,12,4.88,.259,71.4,89.7,2170,8.1,-15.6,22.7,2.8,22.9,76.2,1762,7.1,-48.2,8.5,1.7,5.7,80.3,1477,11.3,-28.5,20.5,1.4,
Syndergaard, Noah,592789,2016,24,31,183.2,744,692,168,118,36,3,11,218,43,29.3,5.8,.243,.351,.286,.637,53,61,14,9,2.60,.243,59.2,98.6,2183,-8.6,-10.9,21.3,1.4,29.7,89,2112,3.7,-31.6,7.6,4.6,11.2,90.3,1765,-15,-22.4,19.5,1.4,
Martinez, Carlos,593372,2016,25,31,195.1,809,724,169,128,25,1,15,174,70,21.5,8.7,.233,.333,.309,.642,66,68,16,9,3.04,.233,57.1,96.4,2085,-14.7,-19,19.4,2.4,23.4,85.4,2146,7.2,-38.7,8.2,2.8,19.4,87.6,2009,-17,-32.8,18,2.2,
Eickhoff, Jerad,595191,2016,26,33,197.1,811,745,187,108,43,6,30,167,42,20.6,5.2,.251,.446,.292,.738,80,88,11,14,3.65,.251,52.8,91.6,2209,-12.1,-15.7,21.5,1.2,42.1,78.5,2433,3.6,-48.4,10.5,4.2,5.1,84.6,1806,-13.9,-22.7,20.7,1.5,
Davies, Zach,605200,2016,23,28,163.1,682,631,166,113,28,5,20,135,38,19.8,5.6,.263,.418,.308,.726,72,79,11,7,3.97,.263,68.6,89.1,2106,-13.1,-21.6,19.2,2.1,10.7,72.8,2544,8.4,-65.7,16.5,1.5,20.7,79,1743,-16.3,-34.4,18.8,1.2,
Fernandez, Jose,605228,2016,24,29,182.1,737,664,149,104,29,3,13,253,55,34.3,7.5,.224,.336,.285,.621,58,63,16,8,2.86,.224,53.9,95.8,2431,-10.7,-12.3,21.3,2,33.6,84.4,2379,9.7,-35.8,10.7,1.8,12.5,88.8,1552,-16.2,-27.2,18.3,1.9,
Finnegan, Brandon,605232,2016,23,31,172.0,734,636,150,95,21,5,29,145,84,19.8,11.4,.236,.421,.324,.746,76,86,10,11,3.98,.236,65.2,92.3,2187,10,-14.8,19.6,1.7,23.4,84,2142,-2.9,-35.7,6.6,2.2,11.5,85.5,1646,11.2,-25,17.3,1.9,
Rodon, Carlos,607074,2016,24,28,165.0,715,644,176,123,28,2,23,168,54,23.5,7.6,.273,.430,.330,.760,74,82,9,10,4.04,.273,63.8,94,2178,10.7,-16,19.2,2.4,25.6,87.2,2315,-6.5,-31.3,9.7,2.8,10.6,84.1,1610,14.3,-32.5,15.8,2,
Graveman, Kendall,608665,2016,26,31,186.0,786,723,196,138,34,2,22,108,47,13.7,6.0,.271,.415,.318,.733,85,87,10,11,4.11,.271,86.2,92.1,2301,-9.9,-21.7,16.7,2.9,6.4,80.2,2320,10.2,-41.5,10.8,2.2,7.3,85.6,1700,-12.8,-30.4,15,1.4,
Maeda, Kenta,628317,2016,28,32,175.2,716,655,150,107,21,2,20,179,50,25.0,7.0,.229,.359,.291,.649,68,72,16,11,3.48,.229,42.9,90.6,2302,-10.6,-15.7,20.9,1.4,47.4,78.6,2454,4.9,-43.6,12.2,5.2,9.6,83.1,1740,-14.8,-27.6,19,1.5,